1/1/13,4.572,1.2,1,0
1/2/13,0.457,1.2,1,0
1/3/13,1.829,1.1,1,0
1/4/13,4.115,1.1,1,0
1/5/13,2.972,1,2,0
1/6/13,2.743,0.9,2,0
1/7/13,0.229,0.4,2,0
1/8/13,1.6,0.3,2,0
1/9/13,4.572,0.3,2,0
1/10/13,0,0.3,2,0
1/11/13,0,0.3,3,0
1/12/13,0,0.3,3,0
1/13/13,2.743,0.4,3,0
1/14/13,30.4,1.3,3,0
1/15/13,8.23,1.2,3,0
1/16/13,0,1.1,3,0
1/17/13,0,1.1,3,0
1/18/13,10.36,1,4,0
1/19/13,4.572,0.9,4,0
1/20/13,11.63,0.9,4,0
1/21/13,4.801,0.8,4,0
1/22/13,1.372,0.4,4,0
1/23/13,2.286,0.4,4,0
1/24/13,0,0.3,4,0
1/25/13,0,0.3,4,0
1/26/13,0.686,0.2,4,0
1/27/13,0.914,0.2,1,0
1/28/13,1.6,0.3,1,0
1/29/13,0,0.3,1,0
1/30/13,0,1.3,1,0
1/31/13,1.829,1.2,1,0
2/1/13,0,1.1,1,0
2/2/13,0.914,1,1,0
2/3/13,19.63,0.9,2,0
2/4/13,0,0.9,2,0
2/5/13,0,0.5,2,0
2/6/13,1.372,0.4,2,0
2/7/13,51.82,0.4,2,0
2/8/13,3.886,0.3,2,0
2/9/13,9.09,0.3,2,0
2/10/13,4.801,0.2,3,0
2/11/13,0.229,0.3,3,0
2/12/13,11.15,0.3,3,0
2/13/13,29.69,1.2,3,1
2/14/13,6.629,1.2,3,0
2/15/13,6.909,1.1,3,0
2/16/13,49.12,1,3,0
2/17/13,0.229,0.6,4,0
2/18/13,0,0.8,4,0
2/19/13,0,0.8,4,0
2/20/13,0,0.5,4,0
2/21/13,0,0.4,4,0
2/22/13,24.51,0.3,4,0
2/23/13,2.286,0.2,4,0
2/24/13,0,0.2,4,0
2/25/13,38.81,0.2,1,0
2/26/13,4.343,0.2,1,0
2/27/13,0.229,0.2,1,0
2/28/13,1.829,1.3,1,0
3/1/13,0,1.2,1,0
3/2/13,0,1.1,1,0
3/3/13,0,1,1,0
3/4/13,9.6,0.8,2,0
3/5/13,32.61,0.9,2,0
3/6/13,1.143,0.5,2,0
3/7/13,19.35,0.5,2,0
3/8/13,0.686,0.4,2,0
3/9/13,7.087,0.3,2,0
3/10/13,33.99,0.2,2,0
3/11/13,0,0.2,3,0
3/12/13,2.743,0.2,3,0
3/13/13,6.858,0.2,3,0
3/14/13,0.457,0.2,3,0
3/15/13,18.52,1.2,3,0
3/16/13,22.43,1.1,3,0
3/17/13,0,0.6,3,0
3/18/13,3.2,0.7,3,0
3/19/13,17.42,0.8,4,0
3/20/13,14.4,0.8,4,0
3/21/13,0.229,0.8,4,0
3/22/13,0,0.8,4,0
3/23/13,0,0.9,4,0
3/24/13,25.15,0.3,4,0
3/25/13,1.143,0.2,4,0
3/26/13,2.515,0.2,4,0
3/27/13,0,0.1,1,0
3/28/13,0.229,0.2,1,0
3/29/13,1.372,0.2,1,0
3/30/13,15.47,1.2,1,0
3/31/13,0,1.1,1,0
4/1/13,0,1,1,0
4/2/13,43.94,0.7,1,0
4/3/13,37.29,0.7,2,0
4/4/13,9.86,0.6,2,0
4/5/13,12.45,0.5,2,0
4/6/13,0,0.4,2,0
4/7/13,0,0.3,2,0
4/8/13,4.14,0.2,2,0
4/9/13,0,0.1,2,0
4/10/13,0.229,0.1,3,0
4/11/13,0,0.1,3,0
4/12/13,20.73,0.1,3,0
4/13/13,2.057,1.2,3,0
4/14/13,0,1.2,3,0
4/15/13,0,1.1,3,0
4/16/13,0,0.7,3,0
4/17/13,0,0.8,3,0
4/18/13,0,1,4,0
4/19/13,0,0.9,4,0
4/20/13,0,0.4,4,0
4/21/13,0,0.4,4,0
4/22/13,0,0.3,4,0
4/23/13,8.92,0.2,4,0
4/24/13,0.686,0.1,4,0
4/25/13,0,0.1,1,0
4/26/13,0,0.1,1,0
4/27/13,0,0.1,1,0
4/28/13,0,1.2,1,0
4/29/13,0,1.1,1,0
4/30/13,0,1,1,0
5/1/13,0.914,0.7,1,0
5/2/13,0,0.7,1,0
5/3/13,0,0.6,2,0
5/4/13,0,0.5,2,0
5/5/13,54.64,0.4,2,0
5/6/13,0.457,0.3,2,0
5/7/13,0,0.2,2,0
5/8/13,0,0.1,2,0
5/9/13,0,0.1,3,0
5/10/13,0,0.1,3,0
5/11/13,0,0.1,3,0
5/12/13,0,0.2,3,0
5/13/13,0,1.2,3,0
5/14/13,0,1.2,3,0
5/15/13,0.457,1.1,3,0
5/16/13,11.66,1.1,3,0
5/17/13,0,1.1,3,0
5/18/13,0.914,1,4,0
5/19/13,2.286,1,4,0
5/20/13,0.229,0.4,4,0
5/21/13,0,0.3,4,0
5/22/13,2.743,0.2,4,0
5/23/13,11.05,0.1,4,0
5/24/13,6.629,0.1,4,0
5/25/13,0,0,1,0
5/26/13,2.515,0.1,1,0
5/27/13,14.86,1.2,1,0
5/28/13,2.743,1.2,1,0
5/29/13,2.515,1.1,1,0
5/30/13,0,1.1,1,0
5/31/13,0,1.1,2,0
6/1/13,16.69,1,2,0
6/2/13,15.09,1,2,0
6/3/13,1.829,1,2,0
6/4/13,0,0.3,2,0
6/5/13,0,0.2,2,0
6/6/13,0,0.1,2,0
6/7/13,0,0.1,2,0
6/8/13,0,0.1,3,0
6/9/13,0,0.1,3,0
6/10/13,0,0.1,3,0
6/11/13,0.457,1.2,3,0
6/12/13,0,1.2,3,0
6/13/13,0,1.2,3,0
6/14/13,0,1.2,3,0
6/15/13,3.886,1.1,3,0
6/16/13,19.43,1.1,4,0
6/17/13,5.486,1.1,4,0
6/18/13,0,1,4,0
6/19/13,21.03,0.3,4,0
6/20/13,66.29,0.2,4,0
6/21/13,49.73,0.1,4,0
6/22/13,0,0,4,0
6/23/13,0,0,1,0
6/24/13,27.89,0,1,0
6/25/13,1.372,1.2,1,0
6/26/13,0.229,1.2,1,0
6/27/13,4.572,1.2,1,0
6/28/13,3.429,1.1,1,0
6/29/13,4.166,1.1,1,0
6/30/13,1.6,1,2,0
7/1/13,0.457,1,2,0
7/2/13,0,0.9,2,0
7/3/13,0,1,2,0
7/4/13,0,0.2,2,0
7/5/13,0,0.1,2,0
7/6/13,0,0.1,2,0
7/7/13,0,0,2,0
7/8/13,1.143,0,3,0
7/9/13,1.829,0.1,3,0
7/10/13,0.229,0.1,3,0
7/11/13,0,1.3,3,0
7/12/13,0,1.3,3,0
7/13/13,0,1.2,3,0
7/14/13,0,1.2,3,0
7/15/13,1.829,1.1,3,0
7/16/13,0,1,4,0
7/17/13,0,1,4,0
7/18/13,0,1,4,0
7/19/13,10.97,0.2,4,0
7/20/13,29.49,0.1,4,0
7/21/13,38.07,0,4,0
7/22/13,28.12,0,1,0
7/23/13,1.143,0,1,0
7/24/13,0,0,1,0
7/25/13,2.057,1.3,1,0
7/26/13,0,1.3,1,0
7/27/13,0,1.2,1,0
7/28/13,0,1.1,1,0
7/29/13,0,1,2,0
7/30/13,0,0.9,2,0
7/31/13,0,0.9,2,0
8/1/13,0,0.9,2,0
8/2/13,0,0.2,2,0
8/3/13,0,0.1,2,0
8/4/13,1.143,0.1,2,0
8/5/13,0.457,0,2,0
8/6/13,28.04,0,3,0
8/7/13,0,0,3,0
8/8/13,0,0,3,0
8/9/13,0,0.1,3,0
8/10/13,2.286,1.3,3,0
8/11/13,0,1.2,3,0
8/12/13,0,1.2,3,0
8/13/13,2.286,1.1,3,0
8/14/13,13.74,1,4,0
8/15/13,0,0.9,4,0
8/16/13,2.286,1,4,0
8/17/13,12.8,0.1,4,0
8/18/13,2.057,0,4,0
8/19/13,1.372,0,4,0
8/20/13,0.457,0,1,0
8/21/13,0,0,1,0
8/22/13,0,0.1,1,0
8/23/13,0,1.3,1,0
8/24/13,1.143,1.2,1,0
8/25/13,1.829,1.1,1,0
8/26/13,44.58,0.5,1,0
8/27/13,1.372,0.6,1,0
8/28/13,0,0.8,2,0
8/29/13,0,0.8,2,0
8/30/13,0,0.8,2,0
8/31/13,0,0.9,2,0
9/1/13,5.715,0.1,2,0
9/2/13,0,0.1,2,0
9/3/13,0.457,0,2,0
9/4/13,0,0,2,0
9/5/13,0,0,3,0
9/6/13,0,0,3,0
9/7/13,0,0.1,3,0
9/8/13,0,0.2,3,0
9/9/13,0,1.2,3,0
9/10/13,0,1.1,3,0
9/11/13,0,0.5,3,0
9/12/13,0,1,4,0
9/13/13,0,0.9,4,0
9/14/13,0,1,4,0
9/15/13,0,0.1,4,0
9/16/13,38.63,0,4,0
9/17/13,13.61,0,4,0
9/18/13,1.372,0,4,0
9/19/13,2.743,0,1,0
9/20/13,25.45,0,1,0
9/21/13,39.04,0.1,1,0
9/22/13,60.3,0.2,1,0
9/23/13,0.229,1.2,1,0
9/24/13,0,1.1,1,0
9/25/13,0,1,1,0
9/26/13,0,0.9,1,0
9/27/13,0,0.5,2,0
9/28/13,1.372,0.6,2,0
9/29/13,1.372,0.8,2,0
9/30/13,2.286,0.9,2,0
10/1/13,1.372,0.1,2,0
10/2/13,5.258,0,2,0
10/3/13,26.77,0,2,0
10/4/13,2.972,0,3,0
10/5/13,0,0,3,0
10/6/13,0,0.1,3,0
10/7/13,0,0.2,3,0
10/8/13,0,0.4,3,0
10/9/13,0,1.1,3,0
10/10/13,0.686,0.5,3,0
10/11/13,0.229,0.6,4,0
10/12/13,0,0.9,4,0
10/13/13,0,1,4,0
10/14/13,0.457,0.2,4,0
10/15/13,0,0.1,4,0
10/16/13,13.72,0,4,0
10/17/13,4.343,0,4,0
10/18/13,0.914,0,1,0
10/19/13,0,0.1,1,0
10/20/13,0,0.2,1,0
10/21/13,1.143,0.3,1,0
10/22/13,0.457,0.4,1,0
10/23/13,0,1.1,1,0
10/24/13,11.2,1,1,0
10/25/13,6.172,0.5,1,0
10/26/13,1.6,0.9,2,0
10/27/13,5.258,0.9,2,0
10/28/13,0,0.9,2,0
10/29/13,0,1,2,0
10/30/13,0,0.1,2,0
10/31/13,0.914,0.1,2,0
11/1/13,2.743,0.1,2,0
11/2/13,0.457,0.1,2,0
11/3/13,18.08,0.1,3,0
11/4/13,3.429,0.2,3,0
11/5/13,0,0.3,3,0
11/6/13,0.457,1.2,3,0
11/7/13,1.372,1.2,3,0
11/8/13,2.972,1.1,3,0
11/9/13,0,1,3,0
11/10/13,0,1,4,0
11/11/13,1.6,1,4,0
11/12/13,0.229,1,4,0
11/13/13,0,0.2,4,0
11/14/13,0,0.2,4,0
11/15/13,0,0.2,4,0
11/16/13,15.09,0.2,4,0
11/17/13,0.229,0.2,1,0
11/18/13,1.829,0.2,1,0
11/19/13,0,0.3,1,0
11/20/13,23.7,0.4,1,0
11/21/13,2.286,1.2,1,0
11/22/13,13.28,1.1,1,0
11/23/13,2.515,1.1,1,0
11/24/13,31.83,1,1,0
11/25/13,6.426,1,2,0
11/26/13,16.81,1,2,0
11/27/13,7.315,1,2,0
11/28/13,5.258,1,2,0
11/29/13,5.486,0.2,2,0
11/30/13,14.4,0.2,2,0
12/1/13,2.515,0.2,2,0
12/2/13,1.143,0.2,3,0
12/3/13,0,0.3,3,0
12/4/13,0,0.4,3,0
12/5/13,32.26,1.3,3,0
12/6/13,0.457,1.2,3,0
12/7/13,12.8,1.1,3,0
12/8/13,2.057,1.1,3,0
12/9/13,24.66,1,4,0
12/10/13,21.18,0.9,4,0
12/11/13,49.15,0.9,4,0
12/12/13,0.229,0.9,4,0
12/13/13,0,0.3,4,0
12/14/13,0.914,0.3,4,0
12/15/13,0,0.3,4,0
12/16/13,1.626,0.3,4,0
12/17/13,1.6,0.3,1,0
12/18/13,1.829,0.3,1,0
12/19/13,7.544,0.3,1,0
12/20/13,2.743,1.2,1,0
12/21/13,4.572,1.2,1,0
12/22/13,10.79,1.2,1,0
12/23/13,4.115,1.1,1,0
12/24/13,0,1.1,1,0
12/25/13,0,1,2,0
12/26/13,0,1,2,0
12/27/13,0,1,2,0
12/28/13,0.229,0.3,2,0
12/29/13,0,0.3,2,0
12/30/13,0,0.2,2,0
12/31/13,28.88,0.2,2,0
1/1/14,27.08,0.3,3,0
1/2/14,2.743,0.3,3,0
1/3/14,43.74,0.4,3,0
1/4/14,21.72,1.3,3,0
1/5/14,3.658,1.2,3,0
1/6/14,0.914,1.1,3,0
1/7/14,0.229,1,3,0
1/8/14,13.44,1,4,0
1/9/14,1.6,0.9,4,0
1/10/14,0,0.9,4,0
1/11/14,3.454,0.4,4,0
1/12/14,10.29,0.4,4,0
1/13/14,29.08,0.3,4,1
1/14/14,7.112,0.3,4,0
1/15/14,0,0.3,4,0
1/16/14,12.04,0.2,1,0
1/17/14,0,0.3,1,0
1/18/14,0,0.3,1,0
1/19/14,0,1.3,1,0
1/20/14,0,1.2,1,0
1/21/14,0,1.2,1,0
1/22/14,0,1.1,1,0
1/23/14,0.914,1,1,0
1/24/14,4.801,0.9,2,0
1/25/14,0.457,0.9,2,0
1/26/14,2.057,0.4,2,0
1/27/14,0,0.3,2,0
1/28/14,0,0.3,2,0
1/29/14,0,0.2,2,0
1/30/14,0,0.2,3,0
1/31/14,0,0.3,3,0
2/1/14,0,0.3,3,0
2/2/14,0,1.3,3,0
2/3/14,0,1.2,3,0
2/4/14,0,1.1,3,0
2/5/14,0,1,3,0
2/6/14,0,1,4,0
2/7/14,0,0.8,4,0
2/8/14,0,0.8,4,0
2/9/14,0,0.5,4,0
2/10/14,0,0.4,4,0
2/11/14,0,0.4,4,0
2/12/14,0,0.3,4,0
2/13/14,49.35,0.2,4,0
2/14/14,10.08,0.2,1,0
2/15/14,4.343,0.2,1,0
2/16/14,0,0.2,1,0
2/17/14,24.76,0.3,1,0
2/18/14,19.08,1.3,1,0
2/19/14,0,1.2,1,0
2/20/14,0,1.1,1,0
2/21/14,0,1,1,0
2/22/14,4.572,0.9,2,0
2/23/14,3.2,0.8,2,0
2/24/14,2.515,0.4,2,0
2/25/14,41.1,0.4,2,0
2/26/14,0,0.3,2,0
2/27/14,3.886,0.3,2,0
2/28/14,11.71,0.2,2,0
3/1/14,0.229,0.2,3,0
3/2/14,0.229,0.2,3,0
3/3/14,1.372,0.2,3,0
3/4/14,78.26,1.2,3,0
3/5/14,6.858,1.1,3,0
3/6/14,0,1.1,3,0
3/7/14,0.457,0.7,3,0
3/8/14,78.1,0.8,4,0
3/9/14,3.429,0.8,4,0
3/10/14,5.258,0.9,4,0
3/11/14,8.46,0.4,4,0
3/12/14,16.92,0.4,4,0
3/13/14,21.46,0.3,4,0
3/14/14,0,0.2,4,0
3/15/14,16.94,0.2,4,0
3/16/14,0,0.1,1,0
3/17/14,18.8,0.2,1,0
3/18/14,10.64,0.2,1,0
3/19/14,5.74,1.3,1,0
3/20/14,1.372,1.2,1,0
3/21/14,11.76,1.1,1,0
3/22/14,0.229,1,1,0
3/23/14,0,0.8,2,0
3/24/14,2.286,1,2,0
3/25/14,1.6,0.5,2,0
3/26/14,0,0.4,2,0
3/27/14,0.914,0.3,2,0
3/28/14,0.686,0.3,2,0
3/29/14,0.229,0.2,2,0
3/30/14,2.286,0.1,3,0
3/31/14,3.658,0.1,3,0
4/1/14,22.38,0.1,3,0
4/2/14,7.544,1.2,3,0
4/3/14,20.88,1.2,3,0
4/4/14,0,1.1,3,0
4/5/14,0,0.7,3,0
4/6/14,0,0.7,3,0
4/7/14,0,0.8,4,0
4/8/14,0,0.9,4,0
4/9/14,5.258,0.5,4,0
4/10/14,0.686,0.4,4,0
4/11/14,0,0.3,4,0
4/12/14,1.6,0.2,4,0
4/13/14,0,0.2,4,0
4/14/14,0,0.1,4,0
4/15/14,2.286,0.1,1,0
4/16/14,3.429,0.1,1,0
4/17/14,1.143,0.2,1,0
4/18/14,0.686,1.2,1,0
4/19/14,6.858,1.1,1,0
4/20/14,0,1,1,0
4/21/14,0,1,1,0
4/22/14,22.17,1,2,0
4/23/14,3.2,0.6,2,0
4/24/14,0.457,0.5,2,0
4/25/14,0,0.4,2,0
4/26/14,0,0.3,2,0
4/27/14,0.229,0.2,2,0
4/28/14,3.2,0.1,2,0
4/29/14,0,0.1,3,0
4/30/14,0,0.1,3,0
5/1/14,2.286,0.1,3,0
5/2/14,0,1.2,3,0
5/3/14,0,1.2,3,0
5/4/14,0,1.1,3,0
5/5/14,0,0.8,3,0
5/6/14,0,0.8,3,0
5/7/14,0,1,4,0
5/8/14,0,1,4,0
5/9/14,0.229,0.4,4,0
5/10/14,12.04,0.3,4,0
5/11/14,7.772,0.2,4,0
5/12/14,0.229,0.2,4,0
5/13/14,0,0.1,4,0
5/14/14,0,0.1,1,0
5/15/14,0,0.1,1,0
5/16/14,0.914,0.1,1,0
5/17/14,0,1.2,1,0
5/18/14,0,1.1,1,0
5/19/14,0,1.1,1,0
5/20/14,0,1,1,0
5/21/14,0,1,2,0
5/22/14,8,1,1,0
5/23/14,29.72,0.5,1,0
5/24/14,0,0.4,1,0
5/25/14,9.37,0.3,1,0
5/26/14,24.23,0.2,2,0
5/27/14,0,0.1,2,0
5/28/14,0,0,2,0
5/29/14,0,0,2,0
5/30/14,0,0.1,2,0
5/31/14,8.46,1.2,2,0
6/1/14,0,1.2,3,0
6/2/14,0,1.2,3,0
6/3/14,0,1.1,3,0
6/4/14,0,1.1,3,0
6/5/14,12.12,1.1,3,0
6/6/14,46.69,1,3,0
6/7/14,125.2,1,3,0
6/8/14,42.52,0.4,4,0
6/9/14,1.143,0.3,4,0
6/10/14,0,0.2,4,0
6/11/14,6.629,0.1,4,0
6/12/14,10.52,0,4,0
6/13/14,0,0,4,0
6/14/14,0,0.1,4,0
6/15/14,11.89,1.2,4,0
6/16/14,0.229,1.2,4,0
6/17/14,0,1.2,1,0
6/18/14,28.91,1.1,1,0
6/19/14,0,1.1,1,0
6/20/14,0,1,1,0
6/21/14,0,1,1,0
6/22/14,0,1,1,0
6/23/14,0,0.3,1,0
6/24/14,0,0.2,2,0
6/25/14,2.515,0.1,2,0
6/26/14,0,0,2,0
6/27/14,6.629,0,2,0
6/28/14,12.4,0,2,0
6/29/14,6.401,0.1,2,0
6/30/14,0,1.3,2,0
7/1/14,0,1.3,3,0
7/2/14,0,1.2,3,0
7/3/14,0,1.2,3,0
7/4/14,0,1.1,3,0
7/5/14,0,1.1,3,0
7/6/14,0,1,3,0
7/7/14,1.143,1,3,0
7/8/14,0,0.3,4,0
7/9/14,3.658,0.2,4,0
7/10/14,7.315,0.1,4,0
7/11/14,0,0,4,0
7/12/14,0.914,0,4,0
7/13/14,0.914,0,4,0
7/14/14,1.372,1.3,4,0
7/15/14,0.686,1.3,4,0
7/16/14,0.229,1.2,1,0
7/17/14,0.229,1.2,1,0
7/18/14,0,1.1,1,0
7/19/14,0,1,1,0
7/20/14,0,0.9,1,0
7/21/14,0,0.9,1,0
7/22/14,0,0.9,1,0
7/23/14,0,0.1,2,0
7/24/14,5.258,0.1,2,0
7/25/14,0,0,2,0
7/26/14,0,0,2,0
7/27/14,0,0,2,0
7/28/14,0.914,0,2,0
7/29/14,2.972,0.1,2,0
7/30/14,1.372,1.3,3,0
7/31/14,0,1.3,3,0
8/1/14,5.994,1.2,3,0
8/2/14,0,1.1,3,0
8/3/14,0,1.1,3,0
8/4/14,6.172,1,3,0
8/5/14,0,1,3,0
8/6/14,0,1,3,0
8/7/14,0,0.1,4,0
8/8/14,0,0,4,0
8/9/14,0,0,4,0
8/10/14,0,0,4,0
8/11/14,0,0,4,0
8/12/14,23.49,0,4,0
8/13/14,5.944,1.3,4,0
8/14/14,0,1.3,4,0
8/15/14,2.515,1.2,1,0
8/16/14,43.28,1.1,1,0
8/17/14,0.229,1,1,0
8/18/14,0,0.9,1,0
8/19/14,0,0.8,1,0
8/20/14,0,0.9,1,0
8/21/14,0,0.1,1,0
8/22/14,0,0.1,2,0
8/23/14,0,0,2,0
8/24/14,0,0,2,0
8/25/14,0,0,2,0
8/26/14,3.2,0,2,0
8/27/14,0,0,2,0
8/28/14,0,0.1,2,0
8/29/14,0,1.3,3,0
8/30/14,0,1.2,3,0
8/31/14,23.55,1.1,3,0
9/1/14,0,0.5,3,0
9/2/14,23.55,1,3,0
9/3/14,1.829,0.9,3,0
9/4/14,1.829,1,3,0
9/5/14,1.829,0.1,3,0
9/6/14,0.229,0,4,0
9/7/14,0.457,0,4,0
9/8/14,0,0,4,0
9/9/14,0,0,4,0
9/10/14,0,0,4,0
9/11/14,1.829,0.1,4,0
9/12/14,3.429,0,4,0
9/13/14,0.229,0.1,1,0
9/14/14,0,1.3,1,0
9/15/14,0,1.2,1,0
9/16/14,0,1,1,0
9/17/14,0,0.8,1,0
9/18/14,20.57,0.9,1,0
9/19/14,11.43,0.2,1,0
9/20/14,1.143,0.1,1,0
9/21/14,0,0,2,0
9/22/14,0,0,2,0
9/23/14,0,0,2,0
9/24/14,13.94,0,2,0
9/25/14,0.686,0,2,0
9/26/14,3.886,0.1,2,0
9/27/14,10.74,0.3,3,0
9/28/14,7.772,0.4,3,0
9/29/14,6.858,1.1,3,0
9/30/14,21.21,0.5,3,0
10/1/14,11.68,1,3,0
10/2/14,0,0.9,3,0
10/3/14,0,1,3,0
10/4/14,0,0.1,3,0
10/5/14,0.229,0,3,0
10/6/14,0.229,0,4,0
10/7/14,0,0,4,0
10/8/14,0,0,4,0
10/9/14,0,0.1,4,0
10/10/14,0,0.2,4,0
10/11/14,0,0.3,4,0
10/12/14,0,1.2,4,0
10/13/14,0.686,1,1,0
10/14/14,0.457,0.5,1,0
10/15/14,2.057,0.6,1,0
10/16/14,0.457,0.9,1,0
10/17/14,3.2,0.9,1,0
10/18/14,0.229,0.2,1,0
10/19/14,7.087,0.2,2,0
10/20/14,0,0.1,2,0
10/21/14,0,0.1,2,0
10/22/14,0,0,2,0
10/23/14,0,0,2,0
10/24/14,0,0.1,2,0
10/25/14,0,0.2,2,0
10/26/14,0,0.3,2,0
10/27/14,0,0.5,3,0
10/28/14,0,1.1,3,0
10/29/14,0,1,3,0
10/30/14,0,1,3,0
10/31/14,0,1,3,0
11/1/14,2.743,1.1,3,0
11/2/14,1.372,0.1,3,0
11/3/14,0,0.1,3,0
11/4/14,9.6,0.1,4,0
11/5/14,2.057,0.1,4,0
11/6/14,0.686,0.2,4,0
11/7/14,7.315,0.3,4,0
11/8/14,0,0.4,4,0
11/9/14,0,1.2,4,0
11/10/14,0,1.1,4,0
11/11/14,0,1,1,0
11/12/14,0,1,1,0
11/13/14,0,0.9,1,0
11/14/14,3.429,0.9,1,0
11/15/14,0,0.9,1,0
11/16/14,0,1,1,0
11/17/14,0,0.2,1,0
11/18/14,0,0.1,2,0
11/19/14,0,0.1,2,0
11/20/14,5.029,0.1,2,0
11/21/14,0.914,0.2,2,0
11/22/14,12.14,0.2,2,0
11/23/14,2.057,0.4,2,0
11/24/14,6.629,1.3,2,0
11/25/14,18.67,1.2,2,0
11/26/14,2.515,1.1,3,0
11/27/14,0.229,1.1,3,0
11/28/14,1.143,1.1,3,0
11/29/14,3.658,1,3,0
11/30/14,3.658,1,3,0
12/1/14,0,1,3,0
12/2/14,0,0.3,3,0
12/3/14,30.05,0.2,3,0
12/4/14,4.801,0.2,4,0
12/5/14,0,0.2,4,0
12/6/14,0,0.2,4,0
12/7/14,0.686,0.3,4,0
12/8/14,0,0.3,4,0
12/9/14,6.629,0.4,4,0
12/10/14,4.801,1.2,1,0
12/11/14,59.77,1.1,1,0
12/12/14,8.69,1.1,1,0
12/13/14,30.63,1,1,0
12/14/14,0.457,1,1,0
12/15/14,0.229,1,1,0
12/16/14,4.115,1,1,0
12/17/14,0,0.3,2,0
12/18/14,0,0.2,2,0
12/19/14,2.972,0.2,2,0
12/20/14,0,0.2,2,0
12/21/14,0.457,0.3,2,0
12/22/14,36.4,0.3,2,0
12/23/14,6.401,1.3,2,0
12/24/14,13.49,1.2,2,0
12/25/14,5.258,1.2,3,0
12/26/14,24.03,1.1,3,0
12/27/14,8.05,1,3,0
12/28/14,5.944,0.9,3,0
12/29/14,20.7,0.9,3,0
12/30/14,0,0.4,3,0
12/31/14,6.985,0.4,3,0
1/1/15,0,0.3,3,0
1/2/15,23.62,0.3,4,0
1/3/15,1.6,0.3,4,0
1/4/15,0,0.3,4,0
1/5/15,40.49,0.3,4,0
1/6/15,1.6,0.3,4,0
1/7/15,2.057,0.3,4,0
1/8/15,0,1.3,1,0
1/9/15,0.457,1.2,1,0
1/10/15,4.343,1.2,1,0
1/11/15,5.867,1.1,1,0
1/12/15,48.72,1,1,0
1/13/15,0,1,1,1
1/14/15,20.88,0.9,1,0
1/15/15,1.6,0.9,1,0
1/16/15,0,0.3,2,0
1/17/15,2.057,0.3,2,0
1/18/15,0.229,0.2,2,0
1/19/15,2.743,0.2,2,0
1/20/15,50.8,0.2,2,0
1/21/15,0.229,0.3,2,0
1/22/15,17.4,0.4,2,0
1/23/15,0.229,1.3,2,0
1/24/15,0,1.2,3,0
1/25/15,44.09,1.1,3,0
1/26/15,0,1,3,0
1/27/15,,0.9,3,0
1/28/15,,0.9,3,0
1/29/15,,0.9,3,0
1/30/15,,0.9,3,0
1/31/15,,1,4,0
2/1/15,,0.3,4,0
2/2/15,,0.3,4,0
2/3/15,,0.2,4,0
2/4/15,,0.2,4,0
2/5/15,,0.2,4,0
2/6/15,,0.3,4,0
2/7/15,,1.3,1,0
2/8/15,,1.2,1,0
2/9/15,,1.1,1,0
2/10/15,,1.1,1,0
2/11/15,,1,1,0
2/12/15,,0.9,1,0
2/13/15,,0.9,1,0
2/14/15,,0.4,1,0
2/15/15,,0.3,2,0
2/16/15,,0.3,2,0
2/17/15,,0.2,2,0
2/18/15,,0.2,2,0
2/19/15,,0.2,2,0
2/20/15,,0.3,2,0
2/21/15,,1.3,2,0
2/22/15,,1.2,3,0
2/23/15,,1.1,3,0
2/24/15,,1,3,0
2/25/15,,0.8,3,0
2/26/15,,0.8,3,0
2/27/15,,0.9,3,0
2/28/15,,0.5,3,0
3/1/15,,0.4,4,0
3/2/15,,0.3,4,0
3/3/15,,0.3,4,0
3/4/15,,0.2,4,0
3/5/15,,0.2,4,0
3/6/15,,0.2,4,0
3/7/15,,0.2,4,0
3/8/15,,0.2,1,0
3/9/15,,1.2,1,0
3/10/15,,1.2,1,0
3/11/15,,1.1,1,0
3/12/15,,1,1,0
3/13/15,,0.9,1,0
3/14/15,,0.9,1,0
3/15/15,,0.4,1,1
3/16/15,,0.3,2,0
3/17/15,,0.3,2,0
3/18/15,,0.2,2,0
3/19/15,,0.2,2,0
3/20/15,,0.2,2,0
3/21/15,,0.2,2,0
3/22/15,,0.2,2,0
3/23/15,,1.2,2,0
3/24/15,,1.1,3,0
3/25/15,,1,3,0
3/26/15,,0.7,3,0
3/27/15,,0.7,3,0
3/28/15,,0.6,3,0
3/29/15,,0.5,3,0
3/30/15,,0.4,3,0
3/31/15,,0.3,4,0
4/1/15,,0.3,4,0
4/2/15,,0.2,4,0
4/3/15,,0.1,4,0
4/4/15,,0.1,4,0
4/5/15,,0.1,4,0
4/6/15,,0.2,4,0
4/7/15,,1.2,1,0
4/8/15,,1.2,1,0
4/9/15,,1.1,1,0
4/10/15,,1,1,0
4/11/15,,0.9,1,0
4/12/15,,0.9,1,0
4/13/15,,0.5,1,0
4/14/15,,0.4,1,0
4/15/15,,0.3,2,0
4/16/15,,0.2,2,0
4/17/15,,0.2,2,0
4/18/15,,0.1,2,0
4/19/15,,0.1,2,0
4/20/15,,0.1,2,0
4/21/15,,1.2,2,0
4/22/15,,1.1,3,0
4/23/15,,1.1,3,0
4/24/15,,0.8,3,0
4/25/15,,0.7,3,0
4/26/15,,0.9,3,0
4/27/15,,0.9,3,0
4/28/15,,0.5,3,0
4/29/15,,0.4,4,0
4/30/15,,0.3,4,0
5/1/15,,0.2,4,0
5/2/15,,0.1,4,0
5/3/15,,0.1,4,0
5/4/15,,0.1,4,0
5/5/15,,0.1,4,0
5/6/15,,1.2,4,0
5/7/15,,1.2,1,0
5/8/15,,1.1,1,0
5/9/15,,1,1,0
5/10/15,,1,1,0
5/11/15,,1,1,0
5/12/15,,1,1,0
5/13/15,,0.4,1,0
5/14/15,,0.3,1,0
5/15/15,,0.2,2,0
5/16/15,,0.2,2,0
5/17/15,,0.1,2,0
5/18/15,,0.1,2,0
5/19/15,,0.1,2,0
5/20/15,,1.2,2,0
5/21/15,,1.2,2,0
5/22/15,,1.1,3,0
5/23/15,,1.1,3,0
5/24/15,,1.1,3,0
5/25/15,,1,3,0
5/26/15,,1,3,0
5/27/15,,1,3,0
5/28/15,,0.4,3,0
5/29/15,,0.3,4,0
5/30/15,,0.2,4,0
5/31/15,,0.2,4,0
6/1/15,,0.1,4,0
6/2/15,,0.1,4,0
6/3/15,0,0.1,4,0
6/4/15,0,0.1,4,0
6/5/15,0,1.2,4,0
6/6/15,0,1.2,1,0
6/7/15,0,1.1,1,0
6/8/15,0,1.1,1,0
6/9/15,0,1.1,1,0
6/10/15,0,1,1,0
6/11/15,3.886,1,1,0
6/12/15,17.37,0.3,1,0
6/13/15,29.08,0.2,1,0
6/14/15,11.43,0.1,2,0
6/15/15,5.258,0.1,2,0
6/16/15,0,0,2,0
6/17/15,0,0,2,0
6/18/15,30.86,0.1,2,0
6/19/15,0,1.2,2,0
6/20/15,0.229,1.2,3,0
6/21/15,0.686,1.2,3,0
6/22/15,0,1.1,3,0
6/23/15,0.229,1.1,3,0
6/24/15,0,1.1,3,0
6/25/15,2.286,1,3,0
6/26/15,2.515,1,3,0
6/27/15,0.229,0.3,4,0
6/28/15,0,0.2,4,0
6/29/15,0,0.2,4,0
6/30/15,0.229,0.1,4,0
7/1/15,0.229,0,4,0
7/2/15,0.457,0,4,0
7/3/15,0.457,0.1,4,0
7/4/15,0,1.3,4,0
7/5/15,0.229,1.2,1,0
7/6/15,0.914,1.2,1,0
7/7/15,4.343,1.1,1,0
7/8/15,21.95,1.1,1,0
7/9/15,0.229,1,1,0
7/10/15,12.98,0.9,1,0
7/11/15,0.229,1,1,0
7/12/15,3.429,0.2,1,0
7/13/15,6.883,0.1,2,0
7/14/15,20.73,0,2,0
7/15/15,0.914,0,2,0
7/16/15,7.772,0,2,0
7/17/15,11.66,0,2,0
7/18/15,0,0.1,2,0
7/19/15,0,1.3,2,0
7/20/15,0.229,1.2,3,0
7/21/15,10.08,1.2,3,0
7/22/15,0,1.1,3,0
7/23/15,8,1.1,3,0
7/24/15,13.49,1,3,0
7/25/15,0.457,1,3,0
7/26/15,0,1,3,0
7/27/15,0,0.2,4,0
7/28/15,0,0.1,4,0
7/29/15,0,0,4,0
7/30/15,0,0,4,0
7/31/15,0,0,4,0
8/1/15,0,0,4,0
8/2/15,0,1.3,4,0
8/3/15,0,1.3,4,0
8/4/15,0,1.2,1,0
8/5/15,0,1.1,1,0
8/6/15,0,1.1,1,0
8/7/15,0,1,1,0
8/8/15,0,0.9,1,0
8/9/15,0,0.9,1,0
8/10/15,0,0.2,1,0
8/11/15,0,0.1,2,0
8/12/15,0,0,2,0
8/13/15,0,0,2,0
8/14/15,0,0,2,0
8/15/15,0,0,2,0
8/16/15,0,0,2,0
8/17/15,0,0.1,2,0
8/18/15,0,1.3,3,0
8/19/15,0,1.2,3,0
8/20/15,0,1.1,3,0
8/21/15,0.229,0.5,3,0
8/22/15,0,1,3,0
8/23/15,0.914,0.9,3,0
8/24/15,5.258,0.9,3,0
8/25/15,0.914,0.2,3,0
8/26/15,1.372,0.1,4,0
8/27/15,16.54,0,4,0
8/28/15,0,0,4,0
8/29/15,0,0,4,0
8/30/15,0,0,4,0
8/31/15,0,0,4,0
9/1/15,0.686,1.3,4,0
9/2/15,5.258,1.2,4,0
9/3/15,27.89,1.1,1,0
9/4/15,21.77,1,1,0
9/5/15,5.944,0.6,1,0
9/6/15,2.286,0.6,1,0
9/7/15,3.2,0.9,1,0
9/8/15,13.82,0.9,1,0
9/9/15,0,0.1,1,0
9/10/15,1.6,0,2,0
9/11/15,4.572,0,2,0
9/12/15,0,0,2,0
9/13/15,0,0,2,0
9/14/15,0,0,2,0
9/15/15,0,0.1,2,0
9/16/15,0,0.2,2,0
9/17/15,51.61,0.3,3,0
9/18/15,6.172,0.4,3,0
9/19/15,1.6,1.1,3,0
9/20/15,0,0.5,3,0
9/21/15,0,0.9,3,0
9/22/15,0,0.9,3,0
9/23/15,0,1.1,3,0
9/24/15,0,0.1,3,0
9/25/15,21.77,0,4,0
9/26/15,4.801,0,4,0
9/27/15,32.79,0,4,0
9/28/15,0.229,0,4,0
9/29/15,0,0,4,0
9/30/15,2.057,0.2,4,0
10/1/15,3.658,1.2,4,0
10/2/15,12.5,1.1,1,0
10/3/15,1.143,1,1,0
10/4/15,6.172,0.5,1,0
10/5/15,1.829,0.6,1,0
10/6/15,1.372,0.9,1,0
10/7/15,0.229,0.9,1,0
10/8/15,28.98,0.1,1,0
10/9/15,8.92,0.1,2,0
10/10/15,20.65,0,1,0
10/11/15,8.92,0,1,0
10/12/15,1.829,0,1,0
10/13/15,13.56,0.1,1,0
10/14/15,13.94,1.3,2,0
10/15/15,0.457,1.3,2,0
10/16/15,1.829,1.2,2,0
10/17/15,0.229,1.2,2,0
10/18/15,0,1.1,2,0
10/19/15,0.457,0.5,2,0
10/20/15,0,1,3,0
10/21/15,0,1,3,0
10/22/15,0,1.1,3,0
10/23/15,0,0.1,3,1
10/24/15,0,0,3,0
10/25/15,0,0,3,0
10/26/15,0,0,3,0
10/27/15,0,0,4,0
10/28/15,0,0.3,4,0
10/29/15,0,0.4,4,0
10/30/15,0,1.1,4,0
10/31/15,0,1.1,4,0
11/1/15,0,1,4,0
11/2/15,0,1,4,0
11/3/15,3.277,0.9,4,0
11/4/15,51.89,0.9,4,0
11/5/15,10.06,0.9,1,0
11/6/15,0,1,1,0
11/7/15,0.914,0.2,1,0
11/8/15,20.8,0.1,1,0
11/9/15,0.457,0.1,1,0
11/10/15,0,0.1,1,0
11/11/15,0,0.1,1,0
11/12/15,0,0.2,2,0
11/13/15,2.286,0.2,2,0
11/14/15,2.972,0.4,2,0
11/15/15,1.143,0.4,2,0
11/16/15,2.057,1.2,2,0
11/17/15,8.31,1.1,2,0
11/18/15,19.91,1.1,2,0
11/19/15,32.36,1,3,0
11/20/15,0.914,1,3,0
11/21/15,0.229,1.1,3,0
11/22/15,6.172,0.2,3,0
11/23/15,18.29,0.1,3,0
11/24/15,4.343,0.1,3,0
11/25/15,21.49,0.2,3,0
11/26/15,5.715,0.2,4,0
11/27/15,8.05,0.3,4,0
11/28/15,2.286,0.4,4,0
11/29/15,7.087,1.2,4,0
11/30/15,5.486,1.1,4,0
12/1/15,0.229,1,4,0
12/2/15,7.772,1,4,0
12/3/15,8.92,1,4,0
12/4/15,14.91,0.9,1,0
12/5/15,4.572,0.9,1,0
12/6/15,23.32,1,1,0
12/7/15,1.372,0.2,1,0
12/8/15,4.115,0.2,1,0
12/9/15,0,0.2,1,0
12/10/15,21.92,0.2,1,0
12/11/15,0,0.2,2,0
12/12/15,2.515,0.3,2,0
12/13/15,1.829,0.4,2,0
12/14/15,14.5,1.3,2,0
12/15/15,0.229,1.2,2,0
12/16/15,0,1.2,2,0
12/17/15,0.229,1.1,2,0
12/18/15,1.143,1,3,0
12/19/15,21.01,1,3,0
12/20/15,37.95,1,3,0
12/21/15,19.66,0.3,3,0
12/22/15,0.229,0.3,3,0
12/23/15,0.686,0.3,3,0
12/24/15,28.09,0.3,3,0
12/25/15,12.73,0.3,3,0
12/26/15,3.658,0.3,4,0
12/27/15,15.11,0.4,4,1
12/28/15,27.74,1.2,4,0
12/29/15,12.34,1.2,4,0
12/30/15,0.457,1.1,4,0
12/31/15,0.457,1.1,4,0
1/1/16,7.087,1,4,0
1/2/16,8,1,4,0
1/3/16,6.401,0.9,1,0
1/4/16,2.286,0.9,1,0
1/5/16,0.686,0.3,1,0
1/6/16,1.143,0.3,1,0
1/7/16,0,0.2,1,0
1/8/16,0.229,0.2,1,0
1/9/16,32.79,0.2,1,0
1/10/16,39.55,0.3,2,0
1/11/16,22.43,0.3,2,0
1/12/16,0,1.3,2,0
1/13/16,0,1.3,2,0
1/14/16,0,1.2,2,0
1/15/16,0,1.1,2,0
1/16/16,8.46,1,2,0
1/17/16,0,0.9,3,0
1/18/16,0,0.9,3,0
1/19/16,0,0.9,3,0
1/20/16,0,0.4,3,0
1/21/16,1.6,0.3,3,0
1/22/16,7.315,0.3,3,0
1/23/16,0,0.3,3,0
1/24/16,0,0.3,3,0
1/25/16,6.604,0.3,4,0
1/26/16,12.93,0.3,4,0
1/27/16,2.286,1.2,4,0
1/28/16,31.6,1.2,4,0
1/29/16,1.143,1.1,4,0
1/30/16,0.229,1.1,4,0
1/31/16,0,1,4,0
2/1/16,22.53,0.9,1,0
2/2/16,16.46,0.9,1,0
2/3/16,7.772,0.9,1,0
2/4/16,0,0.3,1,0
2/5/16,58.09,0.3,1,0
2/6/16,0.229,0.2,1,0
2/7/16,0.914,0.2,1,0
2/8/16,,0.2,1,0
2/9/16,,0.3,2,0
2/10/16,,0.3,2,0
2/11/16,0,1.3,2,0
2/12/16,0,1.2,2,0
2/13/16,0,1.1,2,0
2/14/16,0.686,1,2,0
2/15/16,0.229,0.9,3,0
2/16/16,11.66,0.5,3,0
2/17/16,0.229,0.4,3,0
2/18/16,0,0.4,3,0
2/19/16,0.229,0.3,3,0
2/20/16,6.629,0.3,3,0
2/21/16,8.71,0.2,3,0
2/22/16,33.25,0.2,3,0
2/23/16,13.94,0.2,3,0
2/24/16,0.229,1.3,4,0
2/25/16,47.75,1.2,4,0
2/26/16,0,1.2,4,0
2/27/16,2.972,1.1,4,0
2/28/16,41.25,0.6,4,0
2/29/16,0.229,0.6,4,0
3/1/16,0,0.9,4,0
3/2/16,11.89,0.9,1,0
3/3/16,16.87,0.9,1,0
3/4/16,2.286,0.4,1,0
3/5/16,7.772,0.3,1,0
3/6/16,28.14,0.2,1,0
3/7/16,3.658,0.2,1,0
3/8/16,2.286,0.2,2,0
3/9/16,3.2,0.2,2,0
3/10/16,8.23,0.2,2,0
3/11/16,5.512,1.3,2,0
3/12/16,0,1.2,2,0
3/13/16,0,1.1,2,0
3/14/16,1.143,1,2,0
3/15/16,0.914,0.8,2,0
3/16/16,0,0.7,3,0
3/17/16,0,0.6,3,0
3/18/16,0,0.5,3,0
3/19/16,4.115,0.4,3,0
3/20/16,0,0.3,3,0
3/21/16,5.258,0.2,3,0
3/22/16,0.229,0.2,3,0
3/23/16,9.47,0.1,3,0
3/24/16,8,0.1,4,0
3/25/16,30.23,0.2,4,0
3/26/16,0.686,1.2,4,0
3/27/16,0,1.2,4,0
3/28/16,0,1.1,4,0
3/29/16,0,0.6,4,0
3/30/16,0.686,0.7,4,0
3/31/16,1.372,0.9,1,0
4/1/16,0,0.9,1,0
4/2/16,0,0.4,1,0
4/3/16,1.829,0.3,1,0
4/4/16,0,0.3,1,0
4/5/16,0,0.2,1,0
4/6/16,0,0.2,1,0
4/7/16,0,0.1,2,0
4/8/16,0,0.2,2,0
4/9/16,16.69,1.2,2,0
4/10/16,12.62,1.2,2,0
4/11/16,22.63,1.1,2,0
4/12/16,25.88,1,2,0
4/13/16,6.858,0.7,2,0
4/14/16,2.515,0.7,2,0
4/15/16,0,0.6,3,0
4/16/16,0,0.5,3,0
4/17/16,0,0.4,3,0
4/18/16,0,0.3,3,0
4/19/16,0,0.2,3,0
4/20/16,0,0.2,3,0
4/21/16,0,0.1,3,0
4/22/16,1.372,0.1,3,0
4/23/16,0.229,0.1,4,0
4/24/16,0,0.2,4,0
4/25/16,1.143,1.2,4,0
4/26/16,19.43,1.1,4,0
4/27/16,7.544,1.1,4,0
4/28/16,0,1,4,0
4/29/16,0,1,1,0
4/30/16,0,1,1,0
5/1/16,0,1,1,0
5/2/16,0,0.4,1,0
5/3/16,0,0.3,1,0
5/4/16,0.229,0.2,1,0
5/5/16,0,0.1,1,0
5/6/16,4.801,0.1,2,0
5/7/16,0.457,0.1,2,0
5/8/16,2.972,0.1,2,0
5/9/16,0.457,1.2,2,0
5/10/16,2.743,1.1,2,0
5/11/16,0,1.1,2,0
5/12/16,0,1,2,0
5/13/16,0.229,0.7,2,0
5/14/16,0.457,0.7,3,0
5/15/16,11.05,1,3,0
5/16/16,4.572,0.4,3,0
5/17/16,0,0.3,3,0
5/18/16,0,0.2,3,0
5/19/16,0,0.2,3,0
5/20/16,32.23,0.1,3,0
5/21/16,7.315,0.1,3,0
5/22/16,32.05,0.1,4,0
5/23/16,0,0.2,4,0
5/24/16,2.057,1.2,4,0
5/25/16,2.057,1.2,4,0
5/26/16,0,1.1,4,0
5/27/16,20.57,1.1,4,0
5/28/16,5.486,1.1,1,0
5/29/16,3.886,1,1,0
5/30/16,0.229,1,1,0
5/31/16,0.457,0.4,1,0
6/1/16,10.52,0.3,1,0
6/2/16,0,0.2,1,0
6/3/16,0,0.1,1,0
6/4/16,0.457,0.1,1,0
6/5/16,1.6,0.1,2,0
6/6/16,4.801,0,2,0
6/7/16,0,0.1,2,0
6/8/16,0,1.2,2,0
6/9/16,0,1.2,2,0
6/10/16,0,1.2,2,0
6/11/16,0,1.1,2,0
6/12/16,0,1.1,2,0
6/13/16,0,1,3,0
6/14/16,0,1,3,0
6/15/16,0,1,3,0
6/16/16,0,0.4,3,0
6/17/16,5.029,0.3,3,0
6/18/16,9.6,0.1,3,0
6/19/16,2.515,0.1,3,0
6/20/16,0.229,0.1,4,0
6/21/16,12.57,0.1,4,0
6/22/16,15.32,1.2,4,0
6/23/16,0,1.2,4,0
6/24/16,0,1.2,4,0
6/25/16,0,1.2,4,0
6/26/16,0,1.1,4,0
6/27/16,0,1.1,1,0
6/28/16,0,1,1,0
6/29/16,0,1,1,0
6/30/16,0,0.3,1,0
7/1/16,0,0.2,1,0
7/2/16,0,0.1,1,0
7/3/16,0,0,1,0
7/4/16,0,0,1,0
7/5/16,0,0,2,0
7/6/16,0,0,2,0
7/7/16,0,1.2,2,0
7/8/16,0,1.2,2,0
7/9/16,0,1.2,2,0
7/10/16,0,1.1,2,0
7/11/16,0,1.1,2,0
7/12/16,0,1,3,0
7/13/16,10.29,1,3,0
7/14/16,1.143,0.9,3,0
7/15/16,10.08,0.3,3,0
7/16/16,67.72,0.2,3,0
7/17/16,0,0.1,3,0
7/18/16,0,0,3,0
7/19/16,0,0,4,0
7/20/16,0,0,4,0
7/21/16,0,0,4,0
7/22/16,0,1.3,4,0
7/23/16,0,1.3,4,0
7/24/16,0,1.2,4,0
7/25/16,0,1.1,4,0
7/26/16,0,1.1,1,0
7/27/16,0,1,1,0
7/28/16,0.686,0.9,1,0
7/29/16,0.457,1,1,0
7/30/16,0,0.2,1,0
7/31/16,0,0.1,1,0
8/1/16,0,0,1,0
8/2/16,2.057,0,1,0
8/3/16,8.46,0,2,0
8/4/16,2.057,0,2,0
8/5/16,0,0.1,2,0
8/6/16,0,1.3,2,0
8/7/16,1.829,1.2,2,0
8/8/16,16.92,1.1,2,0
8/9/16,1.372,1.1,2,0
8/10/16,0,1,2,0
8/11/16,0,0.9,3,0
8/12/16,0,0.9,3,0
8/13/16,0,0.9,3,0
8/14/16,0,0.2,3,0
8/15/16,6.172,0.1,3,0
8/16/16,0,0,3,0
8/17/16,7.696,0,3,0
8/18/16,0.914,0,4,0
8/19/16,18.8,0,4,0
8/20/16,39.78,0,4,0
8/21/16,24.49,1.3,4,0
8/22/16,0,1.2,4,0
8/23/16,0,1.1,4,0
8/24/16,0,1,4,0
8/25/16,0,0.9,1,0
8/26/16,0,0.9,1,0
8/27/16,0,0.9,1,0
8/28/16,0,0.1,1,0
8/29/16,0,0,1,0
8/30/16,8.46,0,1,0
8/31/16,0.229,0,1,0
9/1/16,0,0,1,0
9/2/16,1.6,0,2,0
9/3/16,26.06,0,2,0
9/4/16,11.2,0.2,2,0
9/5/16,2.972,1.2,2,0
9/6/16,5.486,1.2,2,0
9/7/16,0,1.1,2,0
9/8/16,0,0.5,2,0
9/9/16,0,0.6,3,0
9/10/16,0,0.9,3,0
9/11/16,0,0.9,3,0
9/12/16,0,0.2,3,0
9/13/16,0,0,3,0
9/14/16,0,0,3,0
9/15/16,0,1.2,3,0
9/16/16,0,0,4,0
9/17/16,0,0,4,0
9/18/16,1.372,0,4,0
9/19/16,0,1.3,4,0
9/20/16,0,1.2,4,0
9/21/16,0.229,1.1,4,0
9/22/16,0,0.5,4,0
9/23/16,0,0.6,4,0
9/24/16,0.457,0.6,1,0
9/25/16,2.286,1,1,0
9/26/16,0,0.1,1,0
9/27/16,0,0.1,1,0
9/28/16,0,0,1,0
9/29/16,0,0,1,0
9/30/16,1.6,0,1,0
10/1/16,14.63,0,1,0
10/2/16,0.229,0.1,2,0
10/3/16,1.829,0.2,2,0
10/4/16,4.343,0.3,2,0
10/5/16,6.401,0.4,2,0
10/6/16,40.69,0.5,2,0
10/7/16,5.944,1,2,0
10/8/16,0.229,0.5,2,0
10/9/16,0,0.9,3,0
10/10/16,0,1,3,0
10/11/16,3.429,0.2,3,0
10/12/16,15.39,0.1,3,0
10/13/16,16.76,0,3,0
10/14/16,0,0,3,0
10/15/16,0,0,3,0
10/16/16,7.798,0,4,0
10/17/16,3.658,0.1,4,0
10/18/16,2.743,0.3,4,0
10/19/16,36.78,1.2,4,0
10/20/16,12.55,1.1,4,0
10/21/16,0,1,4,0
10/22/16,0.229,0.6,4,0
10/23/16,0.229,0.6,4,0
10/24/16,2.057,1,1,0
10/25/16,38.43,1,1,0
10/26/16,13.94,0.1,1,0
10/27/16,0,0.1,1,0
10/28/16,0,0.1,1,0
10/29/16,0,0.1,1,0
10/30/16,0,0.1,1,0
10/31/16,0,0.1,1,0
11/1/16,0,0.2,2,0
11/2/16,0,0.3,2,0
11/3/16,0.686,0.4,2,0
11/4/16,0.686,0.5,2,0
11/5/16,0,1.1,2,0
11/6/16,0.229,1,2,0
11/7/16,0.914,1,3,0
11/8/16,0,1,3,0
11/9/16,16.92,1.1,3,0
11/10/16,0.229,0.1,3,0
11/11/16,0,0.1,3,0
11/12/16,2.057,0.1,3,0
11/13/16,0,0.1,3,0
11/14/16,0,0.1,4,0
11/15/16,7.772,0.2,4,0
11/16/16,10.74,0.3,4,1
11/17/16,14.63,1.2,4,0
11/18/16,0,1.1,4,0
11/19/16,0,1,4,0
11/20/16,0,1,4,0
11/21/16,0,0.9,4,0
11/22/16,2.972,0.9,1,0
11/23/16,2.057,0.9,1,0
11/24/16,0,1,1,0
11/25/16,0.229,0.2,1,0
11/26/16,0.457,0.2,1,0
11/27/16,0.229,0.2,1,0
11/28/16,4.14,0.2,1,0
11/29/16,9.14,0.2,1,0
11/30/16,0,0.2,2,0
12/1/16,0,0.3,2,0
12/2/16,1.372,0.4,2,0
12/3/16,5.029,1.2,2,0
12/4/16,0.229,1.2,2,0
12/5/16,0,1.1,2,0
12/6/16,0,1.1,2,0
12/7/16,0,1,3,0
12/8/16,10.52,1,3,0
12/9/16,11.89,1.1,3,0
12/10/16,4.343,0.2,3,0
12/11/16,0.229,0.2,3,0
12/12/16,0,0.2,3,0
12/13/16,2.54,0.2,3,0
12/14/16,0.686,0.3,4,0
12/15/16,0.229,0.4,4,0
12/16/16,10.97,0.5,4,0
12/17/16,11.2,1.2,4,0
12/18/16,0.686,1.1,4,0
12/19/16,0,1,4,0
12/20/16,17.6,1,4,0
12/21/16,4.115,1,4,0
12/22/16,0.457,0.9,1,0
12/23/16,0.686,0.9,1,0
12/24/16,0,0.3,1,0
12/25/16,0,0.3,1,0
12/26/16,0,0.3,1,0
12/27/16,5.385,0.2,1,0
12/28/16,0,0.2,1,0
12/29/16,1.6,0.2,2,0
12/30/16,0.457,0.3,2,0
12/31/16,28.07,0.4,2,0
1/1/17,5.258,1.3,2,0
1/2/17,3.429,1.2,2,0
1/3/17,2.057,1.2,2,0
1/4/17,14.94,1.1,2,0
1/5/17,18.39,1,3,0
1/6/17,0.229,1,3,0
1/7/17,0,0.9,3,0
1/8/17,1.6,0.3,3,0
1/9/17,2.54,0.3,3,0
1/10/17,5.486,0.3,3,0
1/11/17,2.972,0.3,3,0
1/12/17,0.457,0.3,3,0
1/13/17,0,0.3,4,0
1/14/17,0,0.4,4,0
1/15/17,0,1.2,4,0
1/16/17,17.14,1.2,4,0
1/17/17,6.401,1.1,4,0
1/18/17,37.08,1,4,0
1/19/17,0.457,1,4,0
1/20/17,0,0.9,4,0
1/21/17,0,0.9,1,0
1/22/17,8.71,0.9,1,0
1/23/17,1.372,0.4,1,0
1/24/17,1.372,0.3,1,0
1/25/17,15.62,0.3,1,0
1/26/17,48.62,0.2,1,0
1/27/17,0.457,0.2,1,1
1/28/17,9.6,0.2,2,0
1/29/17,20.12,0.3,2,0
1/30/17,36.86,1.3,2,0
1/31/17,36.14,1.3,2,0
2/1/17,9.19,1.2,2,0
2/2/17,2.743,1.1,2,0
2/3/17,1.6,1,2,0
2/4/17,0,0.9,3,0
2/5/17,0,0.8,3,0
2/6/17,1.372,0.4,3,0
2/7/17,0.229,0.4,3,0
2/8/17,3.886,0.3,3,0
2/9/17,1.143,0.3,3,0
2/10/17,2.286,0.3,3,0
2/11/17,15.34,0.3,3,0
2/12/17,41.15,0.3,4,0
2/13/17,2.057,1.3,4,0
2/14/17,0.686,1.2,4,0
2/15/17,0,1.2,4,0
2/16/17,0,1.1,4,0
2/17/17,0,1,4,0
2/18/17,0,1,4,0
2/19/17,0,0.9,1,0
2/20/17,0,0.8,1,0
2/21/17,0,0.4,1,0
2/22/17,0,0.3,1,0
2/23/17,43.48,0.3,1,0
2/24/17,0,0.2,1,0
2/25/17,20.83,0.2,1,0
2/26/17,0.457,0.2,2,0
2/27/17,20.57,0.2,1,0
2/28/17,0,0.3,1,0
3/1/17,48.69,1.3,1,0
3/2/17,0,1.2,1,0
3/3/17,1.829,1.1,2,0
3/4/17,2.565,1,2,0
3/5/17,26.82,0.8,2,0
3/6/17,3.2,0.9,2,0
3/7/17,1.372,0.5,2,0
3/8/17,5.944,0.4,2,0
3/9/17,0.457,0.4,3,0
3/10/17,4.216,0.3,3,0
3/11/17,0,0.2,3,0
3/12/17,3.2,0.2,3,0
3/13/17,0,0.2,3,0
3/14/17,0,0.2,3,0
3/15/17,0.229,1.2,3,0
3/16/17,24.36,1.2,4,0
3/17/17,23.55,1.1,4,0
3/18/17,0,0.6,4,0
3/19/17,11.2,0.7,4,0
3/20/17,5.944,0.8,4,0
3/21/17,9.37,0.9,4,0
3/22/17,6.883,0.9,4,0
3/23/17,26.92,0.4,4,0
3/24/17,2.057,0.3,4,0
3/25/17,0,0.25,1,0
3/26/17,0.457,0.2,1,0
3/27/17,36.35,0.2,1,0
3/28/17,38.33,0.2,1,0
3/29/17,21.51,1.2,1,0
3/30/17,2.286,1.2,1,0
3/31/17,7.315,1.2,1,0
4/1/17,3.429,1.1,2,0
4/2/17,6.629,1,2,0
4/3/17,3.429,0.7,2,0
4/4/17,0,0.6,2,0
4/5/17,4.343,0.6,2,0
4/6/17,9.37,0.5,2,0
4/7/17,10.29,0.4,2,0
4/8/17,32.49,0.3,3,0
4/9/17,2.286,0.2,3,0
4/10/17,1.372,0.2,3,0
4/11/17,43.97,0.1,3,0
4/12/17,0,0.1,3,0
4/13/17,0,0.2,3,0
4/14/17,0,1.2,3,0
4/15/17,0,1.2,4,0
4/16/17,15.54,1.1,4,0
4/17/17,1.372,0.7,4,0
4/18/17,2.286,0.8,4,0
4/19/17,5.258,0.9,4,0
4/20/17,1.829,0.9,4,0
4/21/17,4.343,0.4,4,0
4/22/17,1.6,0.3,4,0
4/23/17,0,0.3,1,0
4/24/17,0.457,0.2,1,0
4/25/17,0,0.1,1,0
4/26/17,11.66,0.1,1,0
4/27/17,0,0.1,1,0
4/28/17,0,1.2,1,0
4/29/17,0,1.1,1,0
4/30/17,0,1.1,2,0
5/1/17,0,1,2,0
5/2/17,2.515,0.7,2,0
5/3/17,0.229,0.7,2,0
5/4/17,3.2,0.6,2,0
5/5/17,1.6,0.5,2,0
5/6/17,0,0.4,2,0
5/7/17,,0.3,3,0
5/8/17,,0.2,3,0
5/9/17,,0.1,3,0
5/10/17,,0.1,3,0
5/11/17,,0.1,3,0
5/12/17,0,0.1,3,0
5/13/17,0.229,0.2,3,0
5/14/17,3.429,1.2,3,0
5/15/17,0,1.1,4,0
5/16/17,0,1.1,4,0
5/17/17,0.229,1,4,0
5/18/17,20.57,1,4,0
5/19/17,110.9,1,4,0
5/20/17,13.94,1,4,0
5/21/17,2.515,0.4,4,0
5/22/17,0.457,0.3,4,0
5/23/17,0,0.2,1,0
5/24/17,2.515,0.1,1,0
5/25/17,0,0.1,1,0
5/26/17,5.258,0.1,1,0
5/27/17,45.95,0.1,1,0
5/28/17,12.57,1.2,1,0
5/29/17,15.32,1.1,1,0
5/30/17,14.4,1.1,2,0
5/31/17,47.88,1,2,0
6/1/17,1.6,0.7,2,0
6/2/17,0,1,2,0
6/3/17,0.229,1,2,0
6/4/17,15.62,0.4,2,0
6/5/17,19.43,0.3,2,0
6/6/17,9.83,0.2,3,0
6/7/17,0.914,0.1,3,0
6/8/17,3.023,0.1,3,0
6/9/17,0,0.1,3,0
6/10/17,0,0.1,3,0
6/11/17,0,0.1,3,0
6/12/17,0,1.2,3,0
6/13/17,0,1.2,3,0
6/14/17,2.057,1.2,4,0
6/15/17,0.229,1.1,4,0
6/16/17,0,1.1,4,0
6/17/17,0,1.1,4,0
6/18/17,0,1,4,0
6/19/17,9.6,0.4,4,0
6/20/17,2.743,0.3,4,0
6/21/17,0,0.2,1,0
6/22/17,0.914,0.1,1,0
6/23/17,0,0,1,0
6/24/17,0.229,0,1,0
6/25/17,0.229,0,1,0
6/26/17,0,1.2,1,0
6/27/17,0,1.2,1,0
6/28/17,0,1.2,1,0
6/29/17,0,1.1,2,0
6/30/17,0,1.1,2,0
7/1/17,1.829,1,2,0
7/2/17,0,1,2,0
7/3/17,0.686,0.9,2,0
7/4/17,4.572,0.3,2,0
7/5/17,0.686,0.2,3,0
7/6/17,0,0.1,3,0
7/7/17,4.343,0.1,3,0
7/8/17,3.429,0.1,3,0
7/9/17,0,0,3,0
7/10/17,0,0.1,3,0
7/11/17,0,1.3,3,0
7/12/17,0,1.3,3,0
7/13/17,0,1.2,3,0
7/14/17,0,1.2,4,0
7/15/17,0,1.1,4,0
7/16/17,0,1.1,4,0
7/17/17,4.572,0,4,0
7/18/17,1.829,0,4,0
7/19/17,0,0.3,4,0
7/20/17,0,0.2,4,0
7/21/17,0,0.1,1,0
7/22/17,0,0,1,0
7/23/17,0,0,1,0
7/24/17,0,0,1,0
7/25/17,0,1.2,1,0
7/26/17,0,1.3,1,0
7/27/17,0,1.2,2,0
7/28/17,0.229,1.2,2,0
7/29/17,0,1.1,2,0
7/30/17,0,1,2,0
7/31/17,0,1,2,0
8/1/17,0,0.9,2,0
8/2/17,2.743,0.9,2,0
8/3/17,13.26,0.2,2,0
8/4/17,0,0.1,3,0
8/5/17,0,0.1,3,0
8/6/17,0,0,3,0
8/7/17,0,0,3,0
8/8/17,3.658,0,3,0
8/9/17,0,0,3,0
8/10/17,0,1.3,3,0
8/11/17,3.658,1.3,3,0
8/12/17,0.457,1.2,4,0
8/13/17,8.31,1.1,4,0
8/14/17,0,1,4,0
8/15/17,2.286,1,4,0
8/16/17,0,0.9,4,0
8/17/17,0.229,1,4,0
8/18/17,0,0.1,4,0
8/19/17,4.801,0,1,0
8/20/17,30.78,0,1,0
8/21/17,0,0,1,0
8/22/17,0,0,1,0
8/23/17,0,0,1,0
8/24/17,0,1.3,1,0
8/25/17,0,1.3,1,0
8/26/17,0,1.2,2,0
8/27/17,0,1.1,2,0
8/28/17,0,0.6,2,0
8/29/17,0,0.6,2,0
8/30/17,0,0.9,2,0
8/31/17,0,0.8,2,0
9/1/17,3.2,0.9,2,0
9/2/17,0,0.1,2,0
9/3/17,0,0,3,0
9/4/17,0,0,3,0
9/5/17,0,0,3,0
9/6/17,0,0,3,0
9/7/17,0,0,3,0
9/8/17,0,0.1,3,0
9/9/17,0.686,1.3,3,0
9/10/17,0,1.2,3,0
9/11/17,0,1.1,4,0
9/12/17,0,0.6,4,0
9/13/17,0,0.6,4,0
9/14/17,0,0.9,4,0
9/15/17,0,1,4,0
9/16/17,0.229,0.1,4,0
9/17/17,0.914,0,1,0
9/18/17,0,0,1,0
9/19/17,0,0,1,0
9/20/17,0,0,1,0
9/21/17,0,0,1,0
9/22/17,0,0.1,1,0
9/23/17,0,1.2,1,0
9/24/17,4.115,1.1,2,0
9/25/17,1.829,1.1,2,0
9/26/17,0,1,2,0
9/27/17,0,0.5,2,0
9/28/17,7.087,0.9,2,0
9/29/17,45.95,0.9,2,0
9/30/17,83.7,1,2,0
10/1/17,0,0.1,2,0
10/2/17,1.6,0,3,0
10/3/17,0,0,3,0
10/4/17,0,0,3,0
10/5/17,0,0,3,0
10/6/17,29.49,0,3,0
10/7/17,33.38,0.1,3,0
10/8/17,37.49,0.3,3,0
10/9/17,0.914,1.2,3,0
10/10/17,1.372,1.1,4,0
10/11/17,1.829,0.5,4,0
10/12/17,0.457,0.6,4,0
10/13/17,15.52,1,4,0
10/14/17,3.454,1,4,0
10/15/17,6.858,0.1,4,0
10/16/17,0.686,0.1,1,0
10/17/17,0.457,0,1,0
10/18/17,0,0,1,0
10/19/17,3.658,0,1,0
10/20/17,0,0.1,1,0
10/21/17,6.172,0.1,1,0
10/22/17,2.057,0.2,1,0
10/23/17,0,0.4,1,0
10/24/17,0,1.1,2,0
10/25/17,13.72,1,2,0
10/26/17,0.229,0.5,2,0
10/27/17,1.143,1,2,0
10/28/17,0,0.9,2,0
10/29/17,1.372,1,2,0
10/30/17,3.2,0.2,2,0
10/31/17,0,0.1,2,0
11/1/17,0,0,3,0
11/2/17,0,0,3,0
11/3/17,0,0,3,0
11/4/17,12.37,0.1,3,0
11/5/17,0.457,0.2,3,0
11/6/17,0.914,0.3,3,0
11/7/17,1.6,1.2,3,0
11/8/17,4.572,1.1,4,0
11/9/17,1.143,1,4,0
11/10/17,34.47,1,4,0
11/11/17,0.229,0.9,4,0
11/12/17,0,1,4,0
11/13/17,0,1,4,0
11/14/17,0,0.2,4,0
11/15/17,0,0.1,1,0
11/16/17,5.486,0.1,1,0
11/17/17,7.772,0.1,1,0
11/18/17,30.94,0.2,1,0
11/19/17,1.372,0.2,1,0
11/20/17,1.829,0.3,1,0
11/21/17,5.944,0.4,1,0
11/22/17,0.457,1.2,1,0
11/23/17,0,1.1,2,0
11/24/17,0,1.1,2,0
11/25/17,7.315,1,2,0
11/26/17,0.229,1,2,0
11/27/17,0,1,2,0
11/28/17,0,1.1,2,0
11/29/17,0,0.2,2,0
11/30/17,0,0.1,3,0
12/1/17,4.801,0.1,3,0
12/2/17,0,0.1,3,0
12/3/17,2.972,0.2,3,0
12/4/17,2.286,0.3,3,0
12/5/17,0,0.4,3,0
12/6/17,0,1.2,3,0
12/7/17,1.143,1.2,4,0
12/8/17,0,1.1,4,0
12/9/17,0,1,4,0
12/10/17,0,1,4,0
12/11/17,0.457,0.9,4,0
12/12/17,0,0.9,4,0
12/13/17,0,0.3,4,0
12/14/17,0,0.3,1,0
12/15/17,0,0.3,1,0
12/16/17,0.229,0.2,1,0
12/17/17,37.46,0.2,1,0
12/18/17,3.429,0.2,1,0
12/19/17,8.23,0.3,1,0
12/20/17,31.37,0.3,1,0
12/21/17,2.057,1.2,1,0
12/22/17,0,1.2,2,0
12/23/17,3.658,1.2,2,0
12/24/17,113.3,1.1,2,0
12/25/17,5.029,1.1,2,0
12/26/17,2.286,1,2,0
12/27/17,0.229,1,2,0
12/28/17,2.286,1,2,0
12/29/17,39.32,0.2,2,0
12/30/17,2.057,0.2,3,0
12/31/17,2.769,0.2,3,0
1/1/18,7.391,0.2,3,0
1/2/18,0.229,0.3,3,0
1/3/18,11.84,0.4,3,0
1/4/18,0,1.3,3,0
1/5/18,0,1.2,3,0
1/6/18,0.457,1.1,4,0
1/7/18,0.914,1.1,4,0
1/8/18,0,1,4,0
1/9/18,15.32,0.9,4,0
1/10/18,10.97,0.9,4,0
1/11/18,26.54,0.9,4,0
1/12/18,2.743,0.4,4,0
1/13/18,13.92,0.3,1,1
1/14/18,11.33,0.3,1,0
1/15/18,14.73,0.3,1,0
1/16/18,104,0.2,1,0
1/17/18,15.32,0.3,1,1
1/18/18,6.198,0.3,1,0
1/19/18,5.486,0.4,1,0
1/20/18,3.2,1.3,1,0
1/21/18,2.057,1.2,2,0
1/22/18,20.04,1.2,2,0
1/23/18,6.401,1.1,2,0
1/24/18,18.97,1,2,0
1/25/18,,0.9,2,0
1/26/18,,0.9,2,0
1/27/18,,0.3,2,0
1/28/18,,0.3,3,0
1/29/18,,0.3,3,0
1/30/18,,0.3,3,0
1/31/18,,0.3,3,0
2/1/18,,0.3,3,0
2/2/18,,0.4,3,0
2/3/18,,1.2,3,0
2/4/18,,1.2,4,0
2/5/18,,1.1,4,0
2/6/18,,1,4,0
2/7/18,,1,4,0
2/8/18,,0.9,4,0
2/9/18,,0.8,4,0
2/10/18,,0.5,4,0
2/11/18,,0.4,4,0
2/12/18,,0.3,1,0
2/13/18,,0.3,1,0
2/14/18,,0.2,1,0
2/15/18,,0.2,1,0
2/16/18,,0.2,1,0
2/17/18,,0.3,1,0
2/18/18,,0.4,1,0
2/19/18,,1.3,1,0
2/20/18,,1.2,2,0
2/21/18,,1.1,2,0
2/22/18,,1,2,0
2/23/18,,0.9,2,0
2/24/18,,0.8,2,0
2/25/18,,0.4,2,0
2/26/18,,0.3,2,0
2/27/18,,0.3,3,0
2/28/18,,0.3,3,0
3/1/18,,0.2,3,0
3/2/18,,0.2,3,0
3/3/18,,0.3,3,0
3/4/18,,1.3,3,0
3/5/18,,1.2,3,0
3/6/18,,1.1,4,0
3/7/18,,1,4,0
3/8/18,,0.7,4,0
3/9/18,,0.8,4,0
3/10/18,,0.8,4,0
3/11/18,,0.8,4,0
3/12/18,,0.4,4,0
3/13/18,,0.3,4,0
3/14/18,,0.3,1,0
3/15/18,,0.2,1,0
3/16/18,,0.2,1,0
3/17/18,,0.2,1,0
3/18/18,,0.2,1,0
3/19/18,,0.3,1,0
3/20/18,,1.2,1,0
3/21/18,,1.1,1,0
3/22/18,,1,2,0
3/23/18,,0.9,2,0
3/24/18,,0.9,2,0
3/25/18,,1,2,0
3/26/18,,0.5,2,0
3/27/18,,0.4,2,0
3/28/18,,0.3,3,0
3/29/18,,0.3,3,0
3/30/18,,0.2,3,0
3/31/18,,0.2,3,0
4/1/18,,0.2,3,0
4/2/18,,0.2,3,0
4/3/18,,1.2,3,0
4/4/18,,1.2,4,0
4/5/18,,1.1,4,0
4/6/18,,0.7,4,0
4/7/18,,0.8,4,0
4/8/18,,0.8,4,0
4/9/18,,0.9,4,0
4/10/18,,0.4,4,0
4/11/18,,0.4,4,0
4/12/18,,0.3,1,0
4/13/18,,0.2,1,0
4/14/18,,0.2,1,0
4/15/18,,0.2,1,0
4/16/18,7.544,0.2,1,0
4/17/18,10.59,0.2,1,0
4/18/18,0.686,1.2,1,0
4/19/18,0,1.1,1,0
4/20/18,0,1,2,0
4/21/18,0,0.9,2,0
4/22/18,0,0.7,2,0
4/23/18,0,0.6,2,0
4/24/18,0,0.5,2,0
4/25/18,0,0.5,2,0
4/26/18,0,0.4,2,0
4/27/18,0,0.3,3,0
4/28/18,0,0.2,3,0
4/29/18,0,0.1,3,0
4/30/18,0,0.1,3,0
5/1/18,1.143,0.1,3,0
5/2/18,84.7,0.2,3,0
5/3/18,0.229,1.2,3,0
5/4/18,0,1.1,4,0
5/5/18,0,1.1,4,0
5/6/18,23.14,0.8,4,0
5/7/18,32,0.9,4,0
5/8/18,7.772,1,4,0
5/9/18,0.457,1,4,0
5/10/18,0,0.4,4,0
5/11/18,0,0.3,4,0
5/12/18,0,0.3,1,0
5/13/18,0,0.2,1,0
5/14/18,0,0.1,1,0
5/15/18,1.803,0.1,1,0
5/16/18,0,0.1,1,0
5/17/18,0,1.2,1,0
5/18/18,1.143,1.1,1,0
5/19/18,7.087,1.1,2,0
5/20/18,0,1,2,0
5/21/18,0,0.7,2,0
5/22/18,0,0.7,2,0
5/23/18,0,0.6,2,0
5/24/18,0,0.5,2,0
5/25/18,0,0.4,2,0
5/26/18,0,0.3,3,0
5/27/18,0,0.2,3,0
5/28/18,0,0.1,3,0
5/29/18,0.457,0.1,3,0
5/30/18,0,0.1,3,0
5/31/18,0,0.1,3,0
6/1/18,0,1.2,3,0
6/2/18,7.087,1.2,3,0
6/3/18,2.515,1.1,4,0
6/4/18,0,1.1,4,0
6/5/18,4.115,1.1,4,0
6/6/18,0,1,4,0
6/7/18,7.087,1,4,0
6/8/18,0,1,4,0
6/9/18,0,0.4,4,0
6/10/18,0,0.3,4,0
6/11/18,0,0.2,1,0
6/12/18,0.914,0.1,1,0
6/13/18,0,0.1,1,0
6/14/18,7.772,0.1,1,0
6/15/18,7.087,1.2,1,0
6/16/18,4.115,1.2,1,0
6/17/18,0,1.1,1,0
6/18/18,,1.1,2,0
6/19/18,,1.1,2,0
6/20/18,0,1,2,0
6/21/18,0,1,2,0
6/22/18,0,1,2,0
6/23/18,0,0.4,2,0
6/24/18,0.686,0.3,2,0
6/25/18,0.229,0.2,3,0
6/26/18,6.172,0.1,3,0
6/27/18,21.49,0,3,0
6/28/18,0.229,0,3,0
6/29/18,0,0.1,3,0
6/30/18,0,0.1,3,0
7/1/18,0,1.2,3,0
7/2/18,0,1.2,3,0
7/3/18,0,1.2,4,0
7/4/18,5.029,1.1,4,0
7/5/18,0,1.1,4,0
7/6/18,0,1.1,4,0
7/7/18,0,1,4,0
7/8/18,2.057,1.1,4,0
7/9/18,0.686,0.2,4,0
7/10/18,0,0.2,1,0
7/11/18,0,0.1,1,0
7/12/18,0,0,1,0
7/13/18,0,0,1,0
7/14/18,0,0,1,0
7/15/18,0,1.2,1,0
7/16/18,0,1.2,1,0
7/17/18,0.559,1.2,2,0
7/18/18,0,1.1,1,0
7/19/18,0,1.1,1,0
7/20/18,0,1,1,0
7/21/18,0,0.9,1,0
7/22/18,0.686,0.9,2,0
7/23/18,0,0.2,2,0
7/24/18,3.658,0.2,2,0
7/25/18,15.54,0.1,2,0
7/26/18,0,0,2,0
7/27/18,0,0,2,0
7/28/18,0,0,3,0
7/29/18,7.569,0.1,3,0
7/30/18,0.457,1.3,3,0
7/31/18,1.6,1.3,3,0
8/1/18,0,1.2,3,0
8/2/18,7.544,1.2,3,0
8/3/18,7.544,1.1,3,0
8/4/18,0,1.1,4,0
8/5/18,0,1,4,0
8/6/18,0,1,4,0
8/7/18,0,0.2,4,0
8/8/18,1.143,0.1,4,0
8/9/18,0.229,0,4,0
8/10/18,0,0,4,0
8/11/18,0,0,4,0
8/12/18,0,0,4,0
8/13/18,0,1.3,1,0
8/14/18,0,1.3,1,0
8/15/18,0,1.2,1,0
8/16/18,0,1.2,1,0
8/17/18,0,1.1,1,0
8/18/18,0,1,1,0
8/19/18,0,0.9,1,0
8/20/18,0,0.8,2,0
8/21/18,4.343,0.9,2,0
8/22/18,8.46,0.1,2,0
8/23/18,0,0.1,2,0
8/24/18,20.04,0,2,0
8/25/18,1.6,0,2,0
8/26/18,0,0,2,0
8/27/18,0,0,3,0
8/28/18,0,0,3,0
8/29/18,0,0.1,3,0
8/30/18,0.229,1.3,3,0
8/31/18,0,1.2,3,0
9/1/18,0,1.1,3,0
9/2/18,,0.6,3,0
9/3/18,,0.9,4,0
9/4/18,2.743,0.2,4,0
9/5/18,0.229,0.1,4,0
9/6/18,0,0,4,0
9/7/18,0,0,4,0
9/8/18,0,0,4,0
9/9/18,0,0,4,0
9/10/18,0,0,4,0
9/11/18,0.229,0.1,1,0
9/12/18,24.23,1.2,1,0
9/13/18,2.972,1.2,1,0
9/14/18,5.029,1.2,1,0
9/15/18,7.087,0.5,1,0
9/16/18,1.6,0.5,1,0
9/17/18,4.343,0.6,1,0
9/18/18,0,0.8,2,0
9/19/18,0,0.9,2,0
9/20/18,0,0.2,2,0
9/21/18,0,0.1,2,0
9/22/18,0,0,2,0
9/23/18,0,0,2,0
9/24/18,5.715,0,2,0
9/25/18,0.229,0,3,0
9/26/18,1.372,0,3,0
9/27/18,0.229,0.1,3,0
9/28/18,10.79,0.3,3,0
9/29/18,0.914,1.2,3,0
9/30/18,0,1.1,3,0
10/1/18,0,0.5,3,0
10/2/18,11.66,0.9,3,0
10/3/18,30.99,1,4,0
10/4/18,6.731,1.1,4,0
10/5/18,0.229,0.1,4,0
10/6/18,2.972,0,4,0
10/7/18,32,0,4,0
10/8/18,5.944,0,4,0
10/9/18,5.766,0,4,0
10/10/18,2.286,0.1,4,0
10/11/18,19.66,0.2,1,0
10/12/18,1.829,0.3,1,0
10/13/18,4.572,1.1,1,0
10/14/18,26.06,1,1,0
10/15/18,23.55,0.5,1,0
10/16/18,2.286,0.5,1,0
10/17/18,22.2,0.9,1,0
10/18/18,2.743,0.9,2,0
10/19/18,0.457,0.9,2,0
10/20/18,0.229,0.2,2,0
10/21/18,3.429,0.1,2,0
10/22/18,0.229,0.1,2,0
10/23/18,0,0,2,0
10/24/18,46.63,0,2,0
10/25/18,27.2,0,3,0
10/26/18,13.26,0.1,3,0
10/27/18,0,0.2,3,0
10/28/18,0.229,0.3,3,0
10/29/18,2.515,1.2,3,0
10/30/18,0,0.5,3,0
10/31/18,5.258,1,3,0
11/1/18,10.64,1,3,0
11/2/18,5.715,1.1,4,0
11/3/18,24.79,0.1,4,0
11/4/18,3.429,0.1,4,0
11/5/18,0,0.1,4,0
11/6/18,0.457,0.1,4,0
11/7/18,1.6,0.1,4,0
11/8/18,1.143,0.2,4,0
11/9/18,54.36,0.2,1,0
11/10/18,5.944,0.4,1,0
11/11/18,0.686,1.2,1,0
11/12/18,0.457,1.1,1,0
11/13/18,0,0.4,1,0
11/14/18,7.95,1,1,0
11/15/18,0,0.9,1,0
11/16/18,0,0.9,1,0
11/17/18,0,1,2,0
11/18/18,7.544,0.2,2,0
11/19/18,0,0.1,2,0
11/20/18,0.686,0.1,2,0
11/21/18,2.515,0.1,2,0
11/22/18,3.658,0.1,2,0
11/23/18,0,0.2,3,0
11/24/18,0.229,0.3,3,0
11/25/18,0,0.4,3,0
11/26/18,0.229,1.2,3,0
11/27/18,1.372,1.1,3,0
11/28/18,0,1.1,3,0
11/29/18,4.674,1,3,0
11/30/18,34.21,1,3,0
12/1/18,0.686,1,3,0
12/2/18,1.143,1,4,0
12/3/18,0,0.2,4,0
12/4/18,0.229,0.2,4,0
12/5/18,0,0.2,4,0
12/6/18,0,0.2,4,0
12/7/18,1.6,0.2,4,0
12/8/18,0,0.3,4,0
12/9/18,0,0.4,1,0
12/10/18,0,0.4,1,0
12/11/18,0,1.2,1,0
12/12/18,0,1.1,1,0
12/13/18,0,1.1,1,0
12/14/18,3.886,1,1,0
12/15/18,0,1,2,0
12/16/18,0,1,2,0
12/17/18,0.457,1,2,0
12/18/18,18.41,0.2,2,0
12/19/18,2.515,0.2,2,0
12/20/18,7.087,0.2,2,0
12/21/18,15.29,0.2,2,0
12/22/18,43,0.2,2,0
12/23/18,41.1,0.3,3,0
12/24/18,4.801,0.4,3,0
12/25/18,11.89,1.3,3,0
12/26/18,1.143,1.2,3,0
12/27/18,6.401,1.1,3,0
12/28/18,0,1.1,3,0
12/29/18,0,1,3,0
12/30/18,0,0.9,3,0
12/31/18,0,0.9,4,0
1/1/19,0,0.4,4,0
1/2/19,0,0.3,4,0
1/3/19,0,0.3,4,0
1/4/19,27.89,0.3,4,0
1/5/19,20.12,0.3,4,0
1/6/19,0,0.3,4,0
1/7/19,0.229,0.3,1,0
1/8/19,23.19,0.4,1,0
1/9/19,0,1.2,1,0
1/10/19,0,1.2,1,0
1/11/19,0,1.1,1,0
1/12/19,82.3,1.1,1,0
1/13/19,5.258,1.1,1,0
1/14/19,38.89,1,2,0
1/15/19,2.286,0.9,2,0
1/16/19,0.457,0.9,2,0
1/17/19,0.686,0.3,2,0
1/18/19,2.286,0.3,2,0
1/19/19,49.38,0.2,2,0
1/20/19,0.229,0.2,2,0
1/21/19,17.17,0.3,2,0
1/22/19,0,0.4,3,0
1/23/19,0,1.4,3,0
1/24/19,7.315,1.1,3,0
1/25/19,10.62,1.1,3,0
1/26/19,0,2.1,3,0
1/27/19,15.52,0.9,3,0
1/28/19,0,0.9,3,0
1/29/19,0,0.9,3,0
1/30/19,1.6,0.8,4,0
1/31/19,0.229,0.4,4,0
2/1/19,1.829,0.4,4,0
2/2/19,11.05,0.3,4,0
2/3/19,26.31,0.3,4,0
2/4/19,5.258,0.3,4,0
2/5/19,4.115,0.3,1,0
2/6/19,1.372,0.3,1,0
2/7/19,0.229,1.3,1,0
2/8/19,0,1.3,1,0
2/9/19,0,1.2,1,0
2/10/19,0,1.1,1,0
2/11/19,22.61,1,1,0
2/12/19,0.914,1,2,0
2/13/19,0.457,0.9,2,0
2/14/19,0,0.4,2,0
2/15/19,40.46,0.3,2,0
2/16/19,42.85,0.3,2,0
2/17/19,110.3,0.2,2,0
2/18/19,0,0.3,2,0
2/19/19,6.198,0.3,2,0
2/20/19,31.9,0.4,3,0
2/21/19,12.24,1.2,3,0
2/22/19,1.372,1.2,3,0
2/23/19,2.54,1.1,3,0
2/24/19,0,1,3,0
2/25/19,18.92,0.8,3,0
2/26/19,1.372,0.8,3,0
2/27/19,32.23,0.8,3,0
2/28/19,3.2,0.9,4,0
3/1/19,0.229,0.5,4,0
3/2/19,0,0.4,4,0
3/3/19,0,0.3,4,0
3/4/19,0,0.3,4,0
3/5/19,0,0.2,4,0
3/6/19,9.98,0.2,1,0
3/7/19,1.143,0.2,1,0
3/8/19,,0.3,1,0
3/9/19,,1.3,1,0
3/10/19,,1.2,1,0
3/11/19,,1.1,1,0
3/12/19,,1,1,0
3/13/19,,0.9,1,0
3/14/19,23.44,0.8,2,0
3/15/19,72.06,0.8,2,1
3/16/19,22.81,0.4,2,1
3/17/19,0,0.3,2,0
3/18/19,0.686,0.3,2,0
3/19/19,1.372,0.2,2,0
3/20/19,0.229,0.2,2,0
3/21/19,0.686,0.2,2,0
3/22/19,13.03,0.2,3,0
3/23/19,0.229,1.2,3,0
3/24/19,0,1.2,3,0
3/25/19,0.229,1.1,3,0
3/26/19,7.087,1,3,0
3/27/19,3.429,0.7,3,0
3/28/19,16.46,0.7,3,0
3/29/19,10.52,0.6,4,0
3/30/19,0,0.5,4,0
3/31/19,0,0.4,4,0
4/1/19,0,0.3,4,0
4/2/19,0,0.3,4,0
4/3/19,0,0.2,4,0
4/4/19,0,0.2,4,0
4/5/19,2.286,0.2,1,0
4/6/19,13.26,0.2,1,0
4/7/19,49.15,0.2,1,0
4/8/19,4.343,1.2,1,0
4/9/19,0,1.1,1,0
4/10/19,0.229,1,1,0
4/11/19,0,0.9,1,0
4/12/19,0,0.9,1,0
4/13/19,0,1,2,0
4/14/19,0,0.5,2,0
4/15/19,0,0.4,2,0
4/16/19,5.537,0.3,2,0
4/17/19,0,0.3,2,0
4/18/19,0,0.2,2,0
4/19/19,0,0.2,2,0
4/20/19,0,0.1,3,0
4/21/19,9.37,0.2,3,0
4/22/19,50.55,1.2,3,0
4/23/19,10.06,1.1,3,0
4/24/19,48.23,1,3,0
4/25/19,0.229,0.7,3,0
4/26/19,0,0.7,3,0
4/27/19,8.25,0.9,4,0
4/28/19,3.429,0.6,4,0
4/29/19,0,0.5,4,0
4/30/19,0,0.4,4,0
5/1/19,0.457,0.3,4,0
5/2/19,12.8,0.2,4,0
5/3/19,0,0.2,4,0
5/4/19,0,0.1,1,0
5/5/19,0,0.1,1,0
5/6/19,6.629,0.2,1,0
5/7/19,0.914,1.2,1,0
5/8/19,0.229,1.1,1,0
5/9/19,0.686,1,1,0
5/10/19,0,1,1,0
5/11/19,10.31,1,1,0
5/12/19,2.286,0.6,2,0
5/13/19,1.6,0.5,2,0
5/14/19,0.229,0.4,2,0
5/15/19,5.258,0.3,2,0
5/16/19,20.7,0.3,2,0
5/17/19,0.914,0.2,2,0
5/18/19,13.79,0.1,2,0
5/19/19,5.715,0.1,2,0
5/20/19,0.229,0.1,3,0
5/21/19,0,1.2,3,0
5/22/19,0,1.1,3,0
5/23/19,11.43,1.1,3,0
5/24/19,25.15,1.1,3,0
5/25/19,0,0.9,3,0
5/26/19,0,0.9,3,0
5/27/19,0,1,4,0
5/28/19,10.52,1,4,0
5/29/19,0,0.4,4,0
5/30/19,75.72,0.3,4,0
5/31/19,56.24,0.2,4,0
6/1/19,10.97,0.2,4,0
6/2/19,24.84,0.1,4,0
6/3/19,22.17,0.1,1,0
6/4/19,0.229,0.1,1,0
6/5/19,0,1.2,1,0
6/6/19,1.6,1.1,1,0
6/7/19,0.229,1.1,1,0
6/8/19,0,1.1,1,0
6/9/19,0,1,1,0
6/10/19,0,1,1,0
6/11/19,0,1,2,0
6/12/19,0,0.5,2,0
6/13/19,0,0.3,2,0
6/14/19,0,0.2,2,0
6/15/19,0,0.1,2,0
6/16/19,0.229,0.1,2,0
6/17/19,0,0,2,0
6/18/19,0,0,3,0
6/19/19,0,0.1,3,0
6/20/19,0,1.2,3,0
6/21/19,0,1.2,3,0
6/22/19,0,1.1,3,0
6/23/19,0,1.1,3,0
6/24/19,0,1.1,3,0
6/25/19,0,1.1,4,0
6/26/19,83.7,1,4,0
6/27/19,4.343,1,4,0
6/28/19,0,0.3,4,0
6/29/19,0,0.2,4,0
6/30/19,0,0.2,4,0
7/1/19,17.14,0.1,4,0
7/2/19,4.343,0,4,0
7/3/19,6.172,0,1,0
7/4/19,0,1.2,1,0
7/5/19,0,1.2,1,0
7/6/19,0,1.2,1,0
7/7/19,0,1.1,1,0
7/8/19,0,1.1,1,0
7/9/19,0,1.1,1,0
7/10/19,0,1,1,0
7/11/19,0,1,2,0
7/12/19,0,0.3,2,0
7/13/19,0,0.2,2,0
7/14/19,0.229,0.1,2,0
7/15/19,8.46,0,2,0
7/16/19,0,0,2,0
7/17/19,0,0,2,0
7/18/19,4.115,0,3,0
7/19/19,2.972,1.2,3,0
7/20/19,0,1.3,3,0
7/21/19,0,1.2,3,0
7/22/19,0,1.2,3,0
7/23/19,0,1.1,3,0
7/24/19,0,1.1,3,0
7/25/19,0,1,4,0
7/26/19,0,1,4,0
7/27/19,7.341,1,4,0
7/28/19,0.229,0.2,4,0
7/29/19,0,0.1,4,0
7/30/19,0,0,4,0
7/31/19,0,0,4,0
8/1/19,0,0,4,0
8/2/19,4.572,0,1,0
8/3/19,0,1.3,1,0
8/4/19,0,1.3,1,0
8/5/19,0,1.2,1,0
8/6/19,0.457,1.1,1,0
8/7/19,0,1,1,0
8/8/19,0,1,1,0
8/9/19,0,0.9,1,0
8/10/19,0.457,0.9,2,0
8/11/19,0,0.2,2,0
8/12/19,0,0.1,2,0
8/13/19,5.029,0,2,0
8/14/19,0.229,0,2,0
8/15/19,0.457,0,2,0
8/16/19,0,0,3,0
8/17/19,0,0,3,0
8/18/19,2.286,1.3,3,0
8/19/19,13.94,1.3,3,0
8/20/19,0.229,1.2,3,0
8/21/19,0.914,1.1,3,0
8/22/19,0,0.6,3,0
8/23/19,1.372,1,4,0
8/24/19,0,0.9,4,0
8/25/19,0,1,4,0
8/26/19,0.457,0.2,4,0
8/27/19,0,0,4,0
8/28/19,0,0,4,0
8/29/19,0,0,4,0
8/30/19,0,0,4,0
8/31/19,6.655,0,1,0
9/1/19,45.29,0,1,0
9/2/19,0.914,1.3,1,0
9/3/19,4.343,1.2,1,0
9/4/19,2.057,1.1,1,0
9/5/19,0.686,0.6,1,0
9/6/19,16.23,0.6,1,0
9/7/19,0,0.6,1,0
9/8/19,0,0.9,2,0
9/9/19,0,0.9,2,0
9/10/19,0,0.1,2,0
9/11/19,0,0,2,0
9/12/19,3.2,0,2,0
9/13/19,2.515,0,2,0
9/14/19,2.286,0,2,0
9/15/19,0.229,0,3,0
9/16/19,0.229,0.1,3,0
9/17/19,0,0.2,3,0
9/18/19,32.26,0.3,3,0
9/19/19,30.07,1.1,3,0
9/20/19,30.45,1.1,3,0
9/21/19,3.886,0.5,3,0
9/22/19,0,0.9,4,0
9/23/19,0,1,4,0
9/24/19,2.743,0.1,4,0
9/25/19,1.143,0,4,0
9/26/19,3.2,0,4,0
9/27/19,0,0,4,0
9/28/19,0,0,4,0
9/29/19,0,0,4,0
9/30/19,2.743,0.1,1,0
10/1/19,0,0.2,1,0
10/2/19,0,1.2,1,0
10/3/19,0,1.1,1,0
10/4/19,0,0.4,1,0
10/5/19,1.829,0.9,1,0
10/6/19,24.92,0.6,1,0
10/7/19,8.92,0.9,2,0
10/8/19,0,0.9,2,0
10/9/19,0,0.1,2,0
10/10/19,0,0.1,2,0
10/11/19,0,0,2,0
10/12/19,0,0,2,0
10/13/19,0,0,2,0
10/14/19,11.2,0,3,0
10/15/19,18.08,1.3,3,0
10/16/19,6.172,1.3,3,0
10/17/19,5.258,1.2,3,0
10/18/19,17.37,1.2,3,0
10/19/19,0.457,1.1,3,0
10/20/19,0,0.5,3,0
10/21/19,4.343,1,3,0
10/22/19,0,1,4,0
10/23/19,0,1.1,4,0
10/24/19,0,0.1,4,0
10/25/19,0.229,0,4,0
10/26/19,2.286,0,4,0
10/27/19,9.6,0,4,0
10/28/19,0.229,0,4,0
10/29/19,0,0.1,4,0
10/30/19,0,0.3,1,0
10/31/19,0,0.4,1,0
11/1/19,15.32,1.1,1,0
11/2/19,2.286,1,1,0
11/3/19,3.658,0.5,1,0
11/4/19,4.115,0.6,1,0
11/5/19,17.37,0.9,1,0
11/6/19,,0.9,2,0
11/7/19,,0.2,2,0
11/8/19,,0.1,2,0
11/9/19,,0.1,2,0
11/10/19,,0.1,2,0
11/11/19,,0.1,2,0
11/12/19,,0.1,2,0
11/13/19,,0.2,3,0
11/14/19,,0.3,3,0
11/15/19,,0.4,3,0
11/16/19,,0.5,3,0
11/17/19,,1.1,3,0
11/18/19,,1.1,3,0
11/19/19,,1,3,0
11/20/19,,1,3,0
11/21/19,,1.1,4,0
11/22/19,,0.2,4,0
11/23/19,,0.1,4,0
11/24/19,,0.1,4,0
11/25/19,,0.2,4,0
11/26/19,,0.2,4,0
11/27/19,,0.3,4,0
11/28/19,,0.5,1,0
11/29/19,,1.1,1,0
11/30/19,,1.1,1,0
12/1/19,,1,1,0
12/2/19,,1,1,0
12/3/19,,0.9,1,0
12/4/19,,0.9,1,0
12/5/19,,1,2,0
12/6/19,,0.2,1,0
12/7/19,,0.2,1,0
12/8/19,,0.2,1,0
12/9/19,3.658,0.2,1,0
12/10/19,0,0.2,2,0
12/11/19,0,0.2,2,0
12/12/19,0,0.2,2,0
12/13/19,0,0.3,2,0
12/14/19,0.686,0.4,2,0
12/15/19,3.886,1.2,2,0
12/16/19,7.544,1.2,3,0
12/17/19,49.38,1.1,3,0
12/18/19,18.97,1.1,3,0
12/19/19,0.686,1,3,0
12/20/19,0,1,3,0
12/21/19,0,1,3,0
12/22/19,0.686,0.3,3,0
12/23/19,0.914,0.3,4,0
12/24/19,0,0.3,4,0
12/25/19,0,0.3,4,0
12/26/19,0,0.3,4,0
12/27/19,0,0.3,4,0
12/28/19,0,0.4,4,0
12/29/19,0.457,1.2,4,0
12/30/19,0,1.1,4,0
12/31/19,0,1.1,4,0
1/1/20,11.66,1.2,1,0
1/2/20,0.457,1.2,1,0
1/3/20,3.962,1.2,1,0
1/4/20,91.1,1.2,1,0
1/5/20,2.057,0.2,1,0
1/6/20,0,0.2,1,0
1/7/20,2.515,0.2,1,0
1/8/20,29.77,0.2,2,0
1/9/20,0,0.2,2,0
1/10/20,0,0.2,2,0
1/11/20,3.2,0.2,2,0
1/12/20,0.229,0.3,2,0
1/13/20,0,0.4,2,0
1/14/20,0,1.2,2,0
1/15/20,0,1.2,3,0
1/16/20,6.401,1.1,3,0
1/17/20,0.229,1.1,3,0
1/18/20,0,1,3,0
1/19/20,3.429,1,3,0
1/20/20,3.658,1,3,0
1/21/20,0,0.3,3,0
1/22/20,9.14,0.3,4,0
1/23/20,2.515,0.3,4,0
1/24/20,2.286,0.3,4,0
1/25/20,0,0.3,4,0
1/26/20,0,0.3,4,0
1/27/20,15.24,0.4,4,0
1/28/20,5.258,1.2,4,0
1/29/20,19.94,1.1,4,0
1/30/20,18.52,1.1,1,0
1/31/20,20.32,0.2,1,0
2/1/20,3.912,0.2,1,0
2/2/20,67.79,0.2,1,0
2/3/20,7.544,0.2,1,0
2/4/20,39.52,0.2,1,0
2/5/20,97.6,0.2,1,0
2/6/20,38.51,0.2,2,0
2/7/20,93.9,0.3,2,0
2/8/20,31.22,0.4,2,0
2/9/20,68.81,1.2,2,0
2/10/20,6.858,1.2,2,0
2/11/20,4.343,1.1,2,0
2/12/20,1.829,1.1,2,0
2/13/20,16.97,1,3,0
2/14/20,0.229,1,3,0
2/15/20,0,1,3,0
2/16/20,0,0.3,3,0
2/17/20,0,0.3,3,0
2/18/20,0,0.3,3,0
2/19/20,0.457,0.3,3,0
2/20/20,0.914,0.3,3,0
2/21/20,0,0.3,4,0
2/22/20,0,0.4,4,0
2/23/20,0,1.2,4,0
2/24/20,0,1.1,4,0
2/25/20,14.43,1.1,4,0
2/26/20,93.5,0.2,4,0
2/27/20,0,0.2,4,0
2/28/20,0,0.2,4,0
2/29/20,0,0.2,1,0
3/1/20,0,0.2,1,0
3/2/20,28.57,0.2,1,0
3/3/20,30.35,0.2,1,0
3/4/20,0.229,0.3,1,0
3/5/20,0,0.4,1,0
3/6/20,0,1.2,1,0
3/7/20,0,1.2,2,0
3/8/20,0,1.1,2,0
3/9/20,0,1.1,2,0
3/10/20,0,1,2,0
3/11/20,0,1,2,0
3/12/20,0,1,2,0
3/13/20,0,0.3,2,0
3/14/20,0,0.3,3,0
3/15/20,0,0.3,3,0
3/16/20,5.486,0.3,3,0
3/17/20,1.372,0.3,3,0
3/18/20,0.457,0.3,3,0
3/19/20,0,0.4,3,0
3/20/20,0,1.2,3,0
3/21/20,0,1.1,3,0
3/22/20,0,1.1,4,0
3/23/20,2.134,0.2,4,0
3/24/20,6.858,0.2,4,0
3/25/20,1.143,0.2,4,0
3/26/20,0,0.2,4,0
3/27/20,2.286,0.2,4,0
3/28/20,0.229,0.2,4,0
3/29/20,0,0.2,1,0
3/30/20,0,0.3,1,0
3/31/20,0,0.4,1,0
4/1/20,1.143,1.2,1,0
4/2/20,0,1.2,1,0
4/3/20,0,1.1,1,0
4/4/20,0,1.1,1,0
4/5/20,0,1,1,0
4/6/20,12.34,1,2,0
4/7/20,0,1,2,0
4/8/20,0,0.3,2,0
4/9/20,0,0.3,2,0
4/10/20,0,0.3,2,0
4/11/20,0,0.3,2,0
4/12/20,0,0.3,3,0
4/13/20,0,0.3,3,0
4/14/20,3.429,0.4,3,0
4/15/20,0,1.2,3,0
4/16/20,0,1.1,3,0
4/17/20,0,1.1,3,0
4/18/20,0,0.2,3,0
4/19/20,2.286,0.2,3,0
4/20/20,0,0.2,3,0
4/21/20,0,0.2,4,0
4/22/20,0,0.2,4,0
4/23/20,0,0.2,4,0
4/24/20,0,0.2,4,0
4/25/20,0,0.3,4,0
4/26/20,0,0.4,4,0
4/27/20,8.71,1.2,4,0
4/28/20,5.944,1.2,1,0
4/29/20,0,1.1,1,0
4/30/20,0,1.1,1,0
5/1/20,1.372,1,1,0
5/2/20,0,1,1,0
5/3/20,0,1,1,0
5/4/20,0,0.3,2,0
5/5/20,0,0.3,2,0
5/6/20,7.188,0.3,2,0
5/7/20,0,0.3,2,0
5/8/20,0,0.3,2,0
5/9/20,0,0.3,2,0
5/10/20,0,0.4,2,0
5/11/20,0,1.2,2,0
5/12/20,0,1.1,3,0
5/13/20,15.32,1.1,3,0
5/14/20,16.92,0.2,3,0
5/15/20,0,0.2,3,0
5/16/20,0,0.2,3,0
5/17/20,0,0.2,3,0
5/18/20,0,0.2,3,0
5/19/20,0,0.2,3,0
5/20/20,0,0.2,4,0
5/21/20,0,0.3,4,0
5/22/20,0,0.4,4,0
5/23/20,0,1.2,4,0
5/24/20,0,1.2,4,0
5/25/20,0,1.1,4,0
5/26/20,0,1.1,4,0
5/27/20,0,1,1,0
5/28/20,0,1,1,0
5/29/20,0,1,1,0
5/30/20,0,0.3,1,0
5/31/20,0,0.3,1,0
6/1/20,19.89,0.3,1,0
6/2/20,13.26,0.3,1,0
6/3/20,0.229,0.3,2,0
6/4/20,3.658,0.3,2,0
6/5/20,7.087,0.4,2,0
6/6/20,20.14,1.2,2,0
6/7/20,0,1.1,2,0
6/8/20,0,1.1,2,0
6/9/20,8.46,0.2,2,0
6/10/20,29.16,0.2,2,0
6/11/20,4.115,0.2,3,0
6/12/20,0,0.2,3,0
6/13/20,2.057,0.2,3,0
6/14/20,1.6,0.2,3,0
6/15/20,0,0.2,3,0
6/16/20,3.429,0.3,3,0
6/17/20,7.595,0.4,3,0
6/18/20,0,1.2,3,0
6/19/20,0,1.2,4,0
6/20/20,0,1.1,4,0
6/21/20,0,1.1,4,0
6/22/20,0,1,4,0
6/23/20,0,1,4,0
6/24/20,0,1,4,0
6/25/20,0,0.3,1,0
6/26/20,1.143,0.3,1,0
6/27/20,16.92,0.3,1,0
6/28/20,0.229,0.3,1,0
6/29/20,1.6,0.3,1,0
6/30/20,7.595,0.3,1,0
7/1/20,0,0.4,1,0
7/2/20,0,1.2,2,0
7/3/20,0,1.1,2,0
7/4/20,0,1.1,2,0
7/5/20,0,0.2,2,0
7/6/20,11.66,0.2,2,0
7/7/20,3.429,0.2,2,0
7/8/20,0.229,0.2,2,0
7/9/20,0,0.2,2,0
7/10/20,0,0.2,3,0
7/11/20,0,0.2,3,0
7/12/20,0,0.3,3,0
7/13/20,8.71,0.4,3,0
7/14/20,0,1.2,3,0
7/15/20,0,1.2,3,0
7/16/20,0,1.1,3,0
7/17/20,8.46,1.1,3,0
7/18/20,0,1,4,0
7/19/20,0,1,4,0
7/20/20,0,1,4,0
7/21/20,0,0.3,4,0
7/22/20,0,0.3,4,0
7/23/20,0,0.3,4,0
7/24/20,0,0.3,1,0
7/25/20,0,0.3,1,0
7/26/20,1.829,0.3,1,0
7/27/20,0,0.4,1,0
7/28/20,16.71,1.2,1,0
7/29/20,4.801,1.1,1,0
7/30/20,0,1.1,1,0
7/31/20,0.914,0.2,1,0
8/1/20,0,0.2,2,0
8/2/20,0,0.2,2,0
8/3/20,0,0.2,2,0
8/4/20,0,0.2,2,0
8/5/20,0,0.2,2,0
8/6/20,0,0.2,2,0
8/7/20,0,0.3,2,0
8/8/20,0,0.4,2,0
8/9/20,0,1.2,3,0
8/10/20,0,1.2,3,0
8/11/20,0,1.1,3,0
8/12/20,3.429,1.1,3,0
8/13/20,12.12,1,3,0
8/14/20,4.851,1,3,0
8/15/20,22,1,3,0
8/16/20,2.743,0.3,4,0
8/17/20,1.372,0.3,4,0
8/18/20,11.2,0.3,4,0
8/19/20,10.52,0.3,4,0
8/20/20,13.03,0.3,4,0
8/21/20,1.372,0.3,4,0
8/22/20,0,0.4,4,0
8/23/20,0,1.2,1,0
8/24/20,0,1.1,1,0
8/25/20,0,1.1,1,0
8/26/20,0,0.2,1,0
8/27/20,0,0.2,1,0
8/28/20,0,0.2,1,0
8/29/20,0,0.2,1,0
8/30/20,0,0.2,1,0
8/31/20,5.486,0.2,2,0
9/1/20,20.8,0.2,2,0
9/2/20,0.229,0.3,2,0
9/3/20,0,0.4,2,0
9/4/20,0,1.2,2,0
9/5/20,0.229,1.2,2,0
9/6/20,2.286,1.1,2,0
9/7/20,2.972,1.1,3,0
9/8/20,0,1,3,0
9/9/20,0,1,3,0
9/10/20,0,1,3,0
9/11/20,0,0.3,3,0
9/12/20,0,0.3,3,0
9/13/20,0,0.3,3,0
9/14/20,0,0.3,4,0
9/15/20,0,0.3,4,0
9/16/20,0,0.3,4,0
9/17/20,1.143,0.4,4,0
9/18/20,0,1.2,4,0
9/19/20,0,1.1,4,0
9/20/20,0,1.1,4,0
9/21/20,0.914,0.2,1,0
9/22/20,0,0.2,1,0
9/23/20,0,0.2,1,0
9/24/20,0,0.2,1,0
9/25/20,0,0.2,1,0
9/26/20,0,0.2,1,0
9/27/20,2.286,0.2,1,0
9/28/20,12.78,0.3,1,0
9/29/20,0.229,0.4,2,0
9/30/20,1.143,1.2,2,0
10/1/20,,1.2,2,0
10/2/20,,1.1,2,0
10/3/20,,1.1,2,0
10/4/20,,1,2,0
10/5/20,,1,2,0
10/6/20,,1,2,0
10/7/20,,0.3,3,0
10/8/20,,0.3,3,0
10/9/20,,0.3,3,0
10/10/20,,0.3,3,0
10/11/20,,0.3,3,0
10/12/20,,0.3,3,0
10/13/20,,0.4,3,0
10/14/20,,1.2,4,0
10/15/20,,1.1,4,0
10/16/20,,1.1,4,0
10/17/20,,0.2,4,0
10/18/20,,0.2,4,0
10/19/20,,0.2,4,0
10/20/20,,0.2,4,0
10/21/20,,0.2,1,0
10/22/20,,0.2,1,0
10/23/20,,0.2,1,0
10/24/20,,0.3,1,0
10/25/20,,0.4,1,0
10/26/20,,1.2,1,0
10/27/20,,1.2,1,0
10/28/20,,1.1,1,0
10/29/20,,1.1,2,0
10/30/20,,1,2,0
10/31/20,,1,2,0
11/1/20,,1,2,0
11/2/20,,0.3,2,0
11/3/20,,0.3,2,0
11/4/20,,0.3,2,0
11/5/20,,0.3,3,0
11/6/20,,0.3,3,0
11/7/20,,0.3,3,0
11/8/20,,0.4,3,0
11/9/20,,1.2,3,0
11/10/20,,1.1,3,0
11/11/20,,1.1,3,0
11/12/20,,0.2,4,0
11/13/20,,0.2,4,0
11/14/20,,0.2,4,0
11/15/20,,0.2,4,0
11/16/20,,0.2,4,0
11/17/20,,0.2,4,0
11/18/20,,0.2,4,0
11/19/20,,0.3,4,0
11/20/20,,0.4,1,0
11/21/20,,1.2,1,0
11/22/20,,1.2,1,0
11/23/20,,1.1,1,0
11/24/20,,1.1,1,0
11/25/20,,1,1,0
11/26/20,,1,1,0
11/27/20,29.03,1,1,0
11/28/20,0.914,0.3,2,0
11/29/20,0.229,0.3,2,0
11/30/20,4.572,0.3,2,0
12/1/20,6.858,0.3,2,0
12/2/20,0,0.3,2,0
12/3/20,17.88,0.3,2,0
12/4/20,0,0.4,2,0
12/5/20,56.31,1.2,3,0
12/6/20,41.61,1.1,3,0
12/7/20,12.8,1.1,3,0
12/8/20,0,0.2,3,0
12/9/20,0.457,0.2,3,0
12/10/20,5.715,0.2,3,0
12/11/20,0,0.2,3,0
12/12/20,0,0.2,4,0
12/13/20,0,0.2,4,0
12/14/20,64.97,0.2,4,0
12/15/20,11.66,0.3,4,0
12/16/20,3.2,0.4,4,0
12/17/20,14.05,1.2,4,0
12/18/20,0.229,1.2,4,0
12/19/20,21.89,1.1,4,0
12/20/20,8.69,1.1,1,0
12/21/20,1.372,1,1,0
12/22/20,2.515,1,1,0
12/23/20,8.23,1,1,0
12/24/20,2.286,0.3,1,0
12/25/20,0.686,0.3,1,0
12/26/20,17.32,0.3,1,0
12/27/20,28.6,0.3,1,0
12/28/20,25.35,0.3,2,0
12/29/20,6.629,0.3,2,0
12/30/20,0.229,0.4,2,0
12/31/20,122,0.3,2,1
1/1/21,18.62,0.5,2,1
1/2/21,2.286,0.2,2,0
1/3/21,24.28,0.2,3,0
1/4/21,0,0.2,3,0
1/5/21,18.92,0.2,3,0
1/6/21,3.912,0.2,3,0
1/7/21,29.77,0.2,3,0
1/8/21,7.544,0.2,3,0
1/9/21,3.429,0.3,3,0
1/10/21,0.686,0.4,4,0
1/11/21,21.13,1.2,4,0
1/12/21,3.48,1.2,4,0
1/13/21,18.06,1.1,4,0
1/14/21,31.09,1.1,4,0
1/15/21,6.858,1,4,0
1/16/21,0,1,4,0
1/17/21,2.057,1,4,0
1/18/21,34.29,0.3,1,0
1/19/21,22.17,0.3,1,0
1/20/21,6.172,0.3,1,0
1/21/21,54.74,0.3,1,0
1/22/21,,0.3,1,0
1/23/21,,0.3,1,0
1/24/21,,0.4,1,0
1/25/21,,1.2,1,0
1/26/21,,1.1,2,0
1/27/21,,1.1,2,0
1/28/21,,0.2,2,0
1/29/21,,0.2,2,0
1/30/21,,0.2,2,0
1/31/21,,0.2,2,0
2/1/21,,0.2,2,0
2/2/21,,0.2,3,0
2/3/21,,0.2,3,0
2/4/21,,0.3,3,0
2/5/21,,0.4,3,0
2/6/21,,1.2,3,0
2/7/21,,1.2,3,0
2/8/21,,1.1,3,0
2/9/21,,1.1,4,0
2/10/21,,1,4,0
2/11/21,,1,4,0
2/12/21,,1,4,0
2/13/21,,0.3,4,0
2/14/21,,0.3,4,0
2/15/21,,0.3,4,0
2/16/21,,0.3,4,0
2/17/21,,0.3,1,0
2/18/21,,0.3,1,0
2/19/21,,0.4,1,0
2/20/21,,1.2,1,0
2/21/21,,1.1,1,0
2/22/21,,1.1,1,0
2/23/21,,0.2,1,0
2/24/21,,0.2,2,0
2/25/21,,0.2,2,0
2/26/21,,0.2,2,0
2/27/21,,0.2,2,0
2/28/21,,0.2,2,0
3/1/21,,0.2,2,0
3/2/21,6.858,0.3,2,0
3/3/21,10.16,0.4,3,0
3/4/21,4.572,1.2,3,0
3/5/21,4.826,1.2,3,0
3/6/21,6.096,1.1,3,0
3/7/21,4.064,1.1,3,0
3/8/21,5.334,1,3,0
3/9/21,5.08,1,3,0
3/10/21,0,1,3,0
3/11/21,0,0.3,4,0
3/12/21,0.762,0.3,4,0
3/13/21,0,0.3,4,0
3/14/21,68.33,0.3,4,0
3/15/21,0,0.3,4,0
3/16/21,0,0.3,4,0
3/17/21,45.72,0.4,4,0
3/18/21,2.794,1.2,4,0
3/19/21,1.524,1.1,1,0
3/20/21,0.254,1.1,1,0
3/21/21,0,0.2,1,0
3/22/21,1.778,0.2,1,0
3/23/21,10.16,0.2,1,0
3/24/21,2.54,0.2,1,0
3/25/21,3.302,0.2,1,0
3/26/21,6.858,0.2,2,0
3/27/21,3.81,0.2,2,0
3/28/21,16.26,0.3,2,0
3/29/21,18.29,0.4,2,0
3/30/21,0,1.2,2,0
3/31/21,0,1.2,2,0
4/1/21,0,1.1,2,0
4/2/21,1.524,1.1,3,0
4/3/21,12.95,1,3,0
4/4/21,3.556,1,3,0
4/5/21,3.81,1,3,0
4/6/21,18.54,0.3,3,0
4/7/21,0.254,0.3,3,0
4/8/21,12.7,0.3,3,0
4/9/21,0,0.3,3,0
4/10/21,0,0.3,4,0
4/11/21,0,0.3,4,0
4/12/21,0,0.4,4,0
4/13/21,0,1.2,4,0
4/14/21,0.508,1.1,4,0
4/15/21,0,1.1,4,0
4/16/21,0.762,0.2,4,0
4/17/21,12.95,0.2,1,0
4/18/21,3.048,0.2,1,0
4/19/21,0.508,0.2,1,0
4/20/21,1.27,0.2,1,0
4/21/21,13.21,0.2,1,0
4/22/21,12.45,0.2,1,0
4/23/21,0.508,0.3,1,0
4/24/21,0,0.4,2,0
4/25/21,2.794,1.2,1,0
4/26/21,0.508,1.2,1,0
4/27/21,0,1.1,1,0
4/28/21,0,1.1,1,0
4/29/21,2.032,1,2,0
4/30/21,0.508,1,2,0
5/1/21,0.254,1,2,0
5/2/21,0,0.3,2,0
5/3/21,0,0.3,2,0
5/4/21,0,0.3,2,0
5/5/21,0.508,0.3,3,0
5/6/21,41.4,0.3,3,0
5/7/21,0,0.3,3,0
5/8/21,0,0.4,3,0
5/9/21,5.08,1.2,3,0
5/10/21,7.112,1.1,3,0
5/11/21,3.048,1.1,3,0
5/12/21,33.27,0.2,4,0
5/13/21,0,0.2,4,0
5/14/21,0,0.2,4,0
5/15/21,3.048,0.2,4,0
5/16/21,0,0.2,4,0
5/17/21,0,0.2,4,0
5/18/21,0,0.2,4,0
5/19/21,0,0.3,4,0
5/20/21,0,0.4,4,0
5/21/21,0,1.2,1,0
5/22/21,11.68,1.2,1,0
5/23/21,0,1.1,1,0
5/24/21,0,1.1,1,0
5/25/21,0,1,1,0
5/26/21,0,1,1,0
5/27/21,0,1,1,0
5/28/21,0,0.3,2,0
5/29/21,0,0.3,2,0
5/30/21,9.14,0.3,2,0
5/31/21,0.254,0.3,2,0
6/1/21,0,0.3,2,0
6/2/21,0,0.3,2,0
6/3/21,0,0.4,2,0
6/4/21,0,1.2,3,0
6/5/21,0,1.1,3,0
6/6/21,5.334,1.1,3,0
6/7/21,38.61,0.2,3,0
6/8/21,20.57,0.2,3,0
6/9/21,2.032,0.2,3,0
6/10/21,0,0.2,3,0
6/11/21,0,0.2,4,0
6/12/21,0,0.2,4,0
6/13/21,0,0.2,4,0
6/14/21,0,0.3,4,0
6/15/21,0,0.4,4,0
6/16/21,0,1.2,4,0
6/17/21,0,1.2,4,0
6/18/21,5.842,1.1,4,0
6/19/21,48.01,1.1,1,0
6/20/21,5.334,1,1,0
6/21/21,4.826,1,1,0
6/22/21,3.556,1,1,0
6/23/21,2.032,0.3,1,0
6/24/21,0.508,0.3,1,0
6/25/21,1.778,0.3,1,0
6/26/21,2.794,0.3,2,0
6/27/21,0.508,0.3,2,0
6/28/21,13.21,0.3,2,0
6/29/21,5.842,0.4,2,0
6/30/21,0,1.2,2,0
7/1/21,,1.1,2,0
7/2/21,,1.1,2,0
7/3/21,,0.2,3,0
7/4/21,,0.2,3,0
7/5/21,,0.2,3,0
7/6/21,,0.2,3,0
7/7/21,,0.2,3,0
7/8/21,,0.2,3,0
7/9/21,,0.2,3,0
7/10/21,,0.3,3,0
7/11/21,,0.4,4,0
7/12/21,,1.2,4,0
7/13/21,,1.2,4,0
7/14/21,,1.1,4,0
7/15/21,,1.1,4,0
7/16/21,,1,4,0
7/17/21,,1,4,0
7/18/21,,1,4,0
7/19/21,,0.3,1,0
7/20/21,,0.3,1,0
7/21/21,,0.3,1,0
7/22/21,,0.3,1,0
7/23/21,,0.3,1,0
7/24/21,,0.3,1,0
7/25/21,,0.4,1,0
7/26/21,,1.2,2,0
7/27/21,,1.1,2,0
7/28/21,,1.1,2,0
7/29/21,,0.2,2,0
7/30/21,,0.2,2,0
7/31/21,,0.2,2,0
8/1/21,,0.2,2,0
8/2/21,,0.2,3,0
8/3/21,,0.2,3,0
8/4/21,,0.2,3,0
8/5/21,,0.3,3,0
8/6/21,,0.4,3,0
8/7/21,,1.2,3,0
8/8/21,,1.2,3,0
8/9/21,,1.1,3,0
8/10/21,,1.1,4,0
8/11/21,,1,4,0
8/12/21,,1,4,0
8/13/21,,1,4,0
8/14/21,,0.3,4,0
8/15/21,,0.3,4,0
8/16/21,,0.3,4,0
8/17/21,,0.3,1,0
8/18/21,,0.3,1,0
8/19/21,,0.3,1,0
8/20/21,,0.4,1,0
8/21/21,,1.2,1,0
8/22/21,,1.1,1,0
8/23/21,,1.1,1,0
8/24/21,,0.2,1,0
8/25/21,,0.2,2,0
8/26/21,0.762,0.2,2,0
8/27/21,0.254,0.2,2,0
8/28/21,35.81,0.2,2,0
8/29/21,8.89,0.2,2,0
8/30/21,3.81,0.2,2,0
8/31/21,2.794,0.3,3,0
9/1/21,0.254,0.4,3,0
9/2/21,0,1.2,3,0
9/3/21,0,1.2,3,0
9/4/21,0.762,1.1,3,0
9/5/21,9.65,1.1,3,0
9/6/21,0.508,1,3,0
9/7/21,9.91,1,3,0
9/8/21,2.032,1,3,0
9/9/21,0.762,0.3,4,0
9/10/21,0,0.3,4,0
9/11/21,0,0.3,4,0
9/12/21,0,0.3,4,0
9/13/21,0,0.3,4,0
9/14/21,4.064,0.3,4,0
9/15/21,1.778,0.4,4,0
9/16/21,32.26,1.2,1,0
9/17/21,47.24,1.1,1,0
9/18/21,2.794,1.1,1,0
9/19/21,0,0.2,1,0
9/20/21,0,0.2,1,0
9/21/21,0.508,0.2,1,0
9/22/21,0.254,0.2,2,0
9/23/21,0,0.2,2,0
9/24/21,0,0.2,2,0
9/25/21,0,0.2,2,0
9/26/21,0,0.3,2,0
9/27/21,0,0.4,2,0
9/28/21,22.1,1.2,2,0
9/29/21,1.524,1.2,2,0
9/30/21,1.524,1.1,3,0
10/1/21,17.02,1.1,3,0
10/2/21,0.508,1,3,0
10/3/21,5.842,1,3,0
10/4/21,13.46,1,3,0
10/5/21,0.762,0.3,3,0
10/6/21,6.604,0.3,3,0
10/7/21,0.508,0.3,3,0
10/8/21,4.572,0.3,4,0
10/9/21,15.75,0.3,4,0
10/10/21,15.24,0.3,4,0
10/11/21,20.57,0.4,4,0
10/12/21,10.41,1.2,4,0
10/13/21,1.016,1.1,4,0
10/14/21,0,1.1,4,0
10/15/21,26.42,0.2,1,0
10/16/21,0.508,0.2,1,0
10/17/21,27.43,0.2,1,0
10/18/21,13.21,0.2,1,0
10/19/21,10.92,0.2,1,0
10/20/21,3.048,0.2,1,0
10/21/21,0,0.2,1,0
10/22/21,0,0.3,2,0
10/23/21,4.318,0.4,2,0
10/24/21,0,1.2,2,0
10/25/21,0,1.2,2,0
10/26/21,0,1.1,2,0
10/27/21,0,1.1,2,0
10/28/21,7.112,1,2,0
10/29/21,41.91,1,2,0
10/30/21,17.02,1,3,0
10/31/21,83.1,0.3,3,0
11/1/21,65.28,0.3,3,0
11/2/21,0,0.3,3,0
11/3/21,0.508,0.3,3,0
11/4/21,4.572,0.3,3,0
11/5/21,0.762,0.3,3,0
11/6/21,0,0.4,3,0
11/7/21,2.286,1.2,4,0
11/8/21,1.524,1.1,4,0
11/9/21,2.54,1.1,4,0
11/10/21,4.064,0.2,4,0
11/11/21,7.62,0.2,4,0
11/12/21,16,0.2,4,0
11/13/21,3.556,0.2,1,0
11/14/21,0.254,0.2,1,0
11/15/21,0,0.2,1,0
11/16/21,0,0.2,1,0
11/17/21,0,0.3,1,0
11/18/21,38.1,0.4,1,0
11/19/21,4.826,1.2,1,0
11/20/21,0.762,1.2,2,0
11/21/21,0,1.1,2,0
11/22/21,0,1.1,2,0
11/23/21,9.14,1,2,0
11/24/21,1.016,1,2,0
11/25/21,0.508,1,2,0
11/26/21,6.604,0.3,2,0
11/27/21,0,0.3,2,0
11/28/21,0,0.3,3,0
11/29/21,0,0.3,3,0
11/30/21,0,0.3,3,0
12/1/21,2.54,0.3,3,0
12/2/21,7.366,0.4,3,0
12/3/21,3.302,1.2,3,0
12/4/21,1.524,1.1,3,0
12/5/21,5.334,1.1,3,0
12/6/21,26.92,0.2,4,0
12/7/21,17.27,0.2,4,0
12/8/21,0.254,0.2,4,0
12/9/21,0,0.2,4,0
12/10/21,0,0.2,4,0
12/11/21,0.508,0.2,4,0
12/12/21,0,0.2,1,0
12/13/21,0.254,0.3,1,0
12/14/21,21.08,0.4,1,0
12/15/21,6.096,1.2,1,0
12/16/21,0,1.2,1,0
12/17/21,1.27,1.1,1,0
12/18/21,60.71,1.1,1,0
12/19/21,2.032,1,1,0
12/20/21,0,1,2,0
12/21/21,4.064,1,2,0
12/22/21,9.91,0.3,2,0
12/23/21,0,0.3,2,0
12/24/21,3.048,0.3,2,0
12/25/21,0,0.3,2,0
12/26/21,21.59,0.3,2,0
12/27/21,0.254,0.3,2,0
12/28/21,0,0.4,3,0
12/29/21,1.016,1.2,3,0
12/30/21,2.54,1.1,3,0
12/31/21,14.73,1.1,3,0
1/1/22,0,0.2,3,0
1/2/22,0,0.2,3,0
1/3/22,0,0.2,3,0
1/4/22,32.26,0.2,4,0
1/5/22,46.23,0.2,4,0
1/6/22,2.54,0.2,4,0
1/7/22,0.254,0.2,4,0
1/8/22,0.762,0.3,4,0
1/9/22,3.556,0.4,4,0
1/10/22,51.31,1.2,4,0
1/11/22,11.18,1.2,1,0
1/12/22,0,1.1,1,0
1/13/22,0.508,1.1,1,0
1/14/22,5.334,1,1,0
1/15/22,1.27,1,1,0
1/16/22,0,1,1,0
1/17/22,10.16,0.3,1,0
1/18/22,0,0.3,1,0
1/19/22,0,0.3,2,0
1/20/22,0,0.3,2,0
1/21/22,0,0.3,2,0
1/22/22,0,0.3,2,0
1/23/22,0,0.4,2,0
1/24/22,0,1.2,2,0
1/25/22,0,1.1,2,0
1/26/22,0,1.1,3,0
1/27/22,66.29,0.2,3,0
1/28/22,43.18,0.2,3,0
1/29/22,10.92,0.2,3,0
1/30/22,9.4,0.2,3,0
1/31/22,2.286,0.2,3,0
2/1/22,0.254,0.2,3,0
2/2/22,0,0.2,4,0
2/3/22,0.508,0.3,4,0
2/4/22,29.72,0.4,4,0
2/5/22,6.096,1.2,4,0
2/6/22,4.064,1.2,4,0
2/7/22,0,1.1,4,0
2/8/22,0,1.1,4,0
2/9/22,9.91,1,1,0
2/10/22,0.508,1,1,0
2/11/22,0,1,1,0
2/12/22,0,0.3,1,0
2/13/22,0,0.3,1,0
2/14/22,32,0.3,1,0
2/15/22,0,0.3,1,0
2/16/22,0,0.3,1,0
2/17/22,35.56,0.3,2,0
2/18/22,0.508,0.4,2,0
2/19/22,0,1.2,2,0
2/20/22,0,1.1,2,0
2/21/22,4.318,1.1,2,0
2/22/22,17.27,0.2,2,0
2/23/22,1.27,0.2,2,0
2/24/22,0,0.2,2,0
2/25/22,1.27,0.2,3,0
2/26/22,0,0.2,3,0
2/27/22,0,0.2,3,0
2/28/22,0,0.2,3,0
3/1/22,54.1,0.3,3,0
3/2/22,87.1,0.4,3,0
3/3/22,4.826,1.2,3,0
3/4/22,0,1.2,4,0
3/5/22,0,1.1,4,0
3/6/22,0,1.1,4,0
3/7/22,1.27,1,4,0
3/8/22,1.778,1,4,0
3/9/22,2.794,1,4,0
3/10/22,6.604,0.3,4,0
3/11/22,34.8,0.3,1,0
3/12/22,32.26,0.3,1,0
3/13/22,11.68,0.3,1,0
3/14/22,2.032,0.3,1,0
3/15/22,11.43,0.3,1,0
3/16/22,7.112,0.4,1,0
3/17/22,0,1.2,1,0
3/18/22,8.13,1.1,1,0
3/19/22,7.874,1.1,2,0
3/20/22,3.048,0.2,2,0
3/21/22,44.45,0.2,2,0
3/22/22,10.41,0.2,2,0
3/23/22,0,0.2,2,0
3/24/22,17.53,0.2,2,0
3/25/22,0.254,0.2,2,0
3/26/22,0,0.2,3,0
3/27/22,2.54,0.3,3,0
3/28/22,0.508,0.4,3,0
3/29/22,0,1.2,3,0
3/30/22,17.02,1.2,3,0
3/31/22,26.16,1.1,3,0
4/1/22,20.57,1.1,3,0
4/2/22,9.4,1,4,0
4/3/22,4.064,1,4,0
4/4/22,5.334,1,4,0
4/5/22,0.254,0.3,4,0
4/6/22,3.81,0.3,4,0
4/7/22,5.842,0.3,4,0
4/8/22,14.48,0.3,4,0
4/9/22,0,0.3,4,0
4/10/22,0,0.3,1,0
4/11/22,1.27,0.4,1,0
4/12/22,7.874,1.2,1,0
4/13/22,21.84,1.1,1,0
4/14/22,36.32,1.1,1,0
4/15/22,0,0.2,1,0
4/16/22,0,0.2,1,0
4/17/22,0,0.2,1,0
4/18/22,7.62,0.2,2,0
4/19/22,0,0.2,2,0
4/20/22,0,0.2,2,0
4/21/22,0.254,0.2,2,0
4/22/22,7.366,0.3,2,0
4/23/22,14.48,0.4,2,0
4/24/22,0,1.2,2,0
4/25/22,0,1.2,3,0
4/26/22,0,1.1,3,0
4/27/22,0,1.1,3,0
4/28/22,0,1,3,0
4/29/22,0,1,3,0
4/30/22,0,1,3,0
5/1/22,0,0.3,3,0
5/2/22,23.37,0.3,4,0
5/3/22,78.49,0.3,4,0
5/4/22,73.15,0.3,4,0
5/5/22,0.254,0.3,4,0
5/6/22,0,0.3,4,0
5/7/22,0,0.4,4,0
5/8/22,0,1.2,4,0
5/9/22,1.524,1.1,4,0
5/10/22,6.604,1.1,1,0
5/11/22,1.778,0.2,1,0
5/12/22,0,0.2,1,0
5/13/22,0,0.2,1,0
5/14/22,0,0.2,1,0
5/15/22,0,0.2,1,0
5/16/22,0,0.2,1,0
5/17/22,0,0.2,1,0
5/18/22,0,0.3,2,0
5/19/22,0,0.4,2,0
5/20/22,0,1.2,2,0
5/21/22,0,1.2,2,0
5/22/22,0,1.1,2,0
5/23/22,0,1.1,2,0
5/24/22,0,1,3,0
5/25/22,0,1,3,0
5/26/22,0,1,3,0
5/27/22,0,0.3,3,0
5/28/22,0,0.3,3,0
5/29/22,48.01,0.3,3,0
5/30/22,16,0.3,3,0
5/31/22,3.556,0.3,4,0
6/1/22,35.05,0.3,4,0
6/2/22,46.23,0.4,4,0
6/3/22,1.778,1.2,4,0
6/4/22,0,1.1,4,0
6/5/22,2.286,1.1,4,0
6/6/22,15.24,0.2,4,0
6/7/22,21.84,0.2,4,0
6/8/22,3.556,0.2,1,0
6/9/22,14.22,0.2,1,0
6/10/22,0,0.2,1,0
6/11/22,0,0.2,1,0
6/12/22,0,0.2,1,0
6/13/22,0,0.3,1,0
6/14/22,0,0.4,1,0
6/15/22,0,1.2,1,0
6/16/22,0,1.2,2,0
6/17/22,0.508,1.1,2,0
6/18/22,0,1.1,2,0
6/19/22,0,1,2,0
6/20/22,0,1,2,0
6/21/22,0,1,2,0
6/22/22,0,0.3,2,0
6/23/22,0,0.3,3,0
6/24/22,0,0.3,3,0
6/25/22,0,0.3,3,0
6/26/22,0,0.3,3,0
6/27/22,0.762,0.3,3,0
6/28/22,0,0.4,3,0
6/29/22,0,1.2,3,0
6/30/22,0,1.1,4,0
7/1/22,0,1.1,4,0
7/2/22,0,0.2,4,0
7/3/22,0,0.2,4,0
7/4/22,0,0.2,4,0
7/5/22,0,0.2,4,0
7/6/22,0,0.2,4,0
7/7/22,0,0.2,4,0
7/8/22,0,0.2,1,0
7/9/22,0,0.3,1,0
7/10/22,0,0.4,1,0
7/11/22,0,1.2,1,0
7/12/22,0,1.2,1,0
7/13/22,7.366,1.1,1,0
7/14/22,14.99,1.1,1,0
7/15/22,0,1,2,0
7/16/22,0,1,2,0
7/17/22,0.508,1,2,0
7/18/22,0.762,0.3,2,0
7/19/22,0.762,0.3,2,0
7/20/22,0,0.3,2,0
7/21/22,0,0.3,2,0
7/22/22,0,0.3,3,0
7/23/22,0,0.3,3,0
7/24/22,0,0.4,3,0
7/25/22,0,1.2,3,0
7/26/22,0,1.1,3,0
7/27/22,0,1.1,3,0
7/28/22,0,0.2,3,0
7/29/22,2.54,0.2,3,0
7/30/22,0,0.2,4,0
7/31/22,0,0.2,4,0
8/1/22,0,0.2,4,0
8/2/22,0,0.2,4,0
8/3/22,0,0.2,4,0
8/4/22,0,0.3,4,0
8/5/22,0.254,0.4,4,0
8/6/22,18.54,1.2,4,0
8/7/22,69.09,1.2,1,0
8/8/22,16.76,1.1,1,0
8/9/22,72.64,1.1,1,0
8/10/22,122.4,0,1,1
8/11/22,4.826,0.2,1,0
8/12/22,2.286,0.2,1,0
8/13/22,0,0.2,1,0
8/14/22,0,0.2,2,0
8/15/22,0,0.2,2,0
8/16/22,4.064,0.2,2,0
8/17/22,2.54,0.2,2,0
8/18/22,38.35,0.3,2,0
8/19/22,0.508,0.4,2,0
8/20/22,0,1.2,2,0
8/21/22,0,1.2,3,0
8/22/22,0.508,1.1,3,0
8/23/22,1.016,1.1,3,0
8/24/22,0,1,3,0
8/25/22,0,1,3,0
8/26/22,0,1,3,0
8/27/22,0,0.3,3,0
8/28/22,2.794,0.3,3,0
8/29/22,0,0.3,4,0
8/30/22,0.254,0.3,4,0
8/31/22,0.508,0.3,4,0
9/1/22,0,0.3,4,0
9/2/22,10.16,0.4,4,0
9/3/22,20.57,1.2,4,0
9/4/22,0,1.1,4,0
9/5/22,0,1.1,1,0
9/6/22,16.76,0.2,1,0
9/7/22,21.34,0.2,1,0
9/8/22,0,0.2,1,0
9/9/22,0.762,0.2,1,0
9/10/22,10.41,0.2,1,0
9/11/22,2.032,0.2,1,0
9/12/22,67.82,0.2,2,0
9/13/22,0.762,0.3,1,0
9/14/22,7.366,0.4,1,0
9/15/22,6.096,1.2,1,0
9/16/22,4.826,1.2,1,0
9/17/22,0,1.1,2,0
9/18/22,1.016,1.1,2,0
9/19/22,3.81,1,2,0
9/20/22,0,1,2,0
9/21/22,2.54,1,2,0
9/22/22,0,0.3,2,0
9/23/22,0,0.3,3,0
9/24/22,0,0.3,3,0
9/25/22,16.76,0.3,3,0
9/26/22,5.334,0.3,3,0
9/27/22,0,0.3,3,0
9/28/22,0,0.4,3,0
9/29/22,2.032,1.2,3,0
9/30/22,7.874,1.1,4,0
10/1/22,4.318,1.1,4,0
10/2/22,0,0.2,4,0
10/3/22,0,0.2,4,0
10/4/22,2.286,0.2,4,0
10/5/22,1.524,0.2,4,0
10/6/22,10.92,0.2,4,0
10/7/22,0,0.2,4,0
10/8/22,0,0.2,4,0
10/9/22,0,0.3,1,0
10/10/22,4.318,0.4,1,0
10/11/22,6.604,1.2,1,0
10/12/22,0,1.2,1,0
10/13/22,4.318,1.1,1,0
10/14/22,24.89,1.1,1,0
10/15/22,19.56,1,1,0
10/16/22,37.85,1,2,0
10/17/22,0,1,2,0
10/18/22,9.4,0.3,2,0
10/19/22,1.27,0.3,2,0
10/20/22,13.97,0.3,2,0
10/21/22,6.858,0.3,2,0
10/22/22,0,0.3,2,0
10/23/22,0,0.3,3,0
10/24/22,0,0.4,3,0
10/25/22,0,1.2,3,0
10/26/22,0,1.1,3,0
10/27/22,0,1.1,3,0
10/28/22,0,0.2,3,0
10/29/22,31.75,0.2,3,0
10/30/22,10.92,0.2,4,0
10/31/22,20.57,0.2,4,0
11/1/22,1.524,0.2,4,0
11/2/22,0.762,0.2,4,0
11/3/22,0.254,0.2,4,0
11/4/22,0,0.3,4,0
11/5/22,0,0.4,4,0
11/6/22,0,1.2,4,0
11/7/22,0,1.2,1,0
11/8/22,12.95,1.1,1,0
11/9/22,0,1.1,1,0
11/10/22,0,1,1,0
11/11/22,3.048,1,1,0
11/12/22,2.032,1,1,0
11/13/22,16,0.3,1,0
11/14/22,2.794,0.3,2,0
11/15/22,0,0.3,2,0
11/16/22,0,0.3,2,0
11/17/22,0,0.3,2,0
11/18/22,0,0.3,2,0
11/19/22,0.254,0.4,2,0
11/20/22,0.254,1.2,2,0
